uid,name,city,state,country,latitude,longitude,url
655,St. Eustace the Great-Martyr Mission,", AL",AL,United States,32.3182314,-86.902298,https://directory.stinnocentpress.com/viewparish.cgi?Uid=655&lang=en
545,St John Cassian Chapel,"Bessemer, AL",AL,United States,33.3115331,-86.9529822,https://directory.stinnocentpress.com/viewparish.cgi?Uid=545&lang=en
534,St. Xenia the Blessed,"Huntsville, AL",AL,United States,34.7202223,-86.6060029,https://directory.stinnocentpress.com/viewparish.cgi?Uid=534&lang=en
647,Dormition Greek Church,"Madison, AL",AL,United States,43.0999919,-89.3497128,https://directory.stinnocentpress.com/viewparish.cgi?Uid=647&lang=en
520,Holy Trinity Orthodox Christian Church,"Midland City, AL",AL,United States,31.3175963,-85.4889445,https://directory.stinnocentpress.com/viewparish.cgi?Uid=520&lang=en
521,St. Martin of Tours Mission,"Montgomery, AL",AL,United States,32.3741582,-86.1682885,https://directory.stinnocentpress.com/viewparish.cgi?Uid=521&lang=en
210,St. James the Just Orthodox Church,", AK",AK,United States,63.588753,-154.4930619,https://directory.stinnocentpress.com/viewparish.cgi?Uid=210&lang=en
682,Holy Transfiguration Orthodox Church,", AZ",AZ,United States,36.3400904,-92.385217,https://directory.stinnocentpress.com/viewparish.cgi?Uid=682&lang=en
654,St. Brendon Orthodox Church,"Bullhead City, AZ",AZ,United States,35.1001893,-114.6248339,https://directory.stinnocentpress.com/viewparish.cgi?Uid=654&lang=en
657,Russian Orthodox Mission,"Florence, AZ",AZ,United States,33.0314508,-111.3873431,https://directory.stinnocentpress.com/viewparish.cgi?Uid=657&lang=en
66,Holy Archangels Church,"Phoenix, AZ",AZ,United States,33.3715409,-112.0382986,https://directory.stinnocentpress.com/viewparish.cgi?Uid=66&lang=en
459,Holy Stavropegial Monastery of St. Anthony the Great,"Phoenix, AZ",AZ,United States,33.483751,-112.024069,https://directory.stinnocentpress.com/viewparish.cgi?Uid=459&lang=en
650,St. Nicholas Orthodox Church,"Prescott Valley, AZ",AZ,United States,34.5791561,-112.3533822,https://directory.stinnocentpress.com/viewparish.cgi?Uid=650&lang=en
619,The Holy Monastery of Saint Paisius,"Safford, AZ",AZ,United States,32.6993425,-109.6781828,https://directory.stinnocentpress.com/viewparish.cgi?Uid=619&lang=en
658,St. Herman of Alaska Mission,"Showlow, AZ",AZ,United States,34.3702469,-110.0375616,https://directory.stinnocentpress.com/viewparish.cgi?Uid=658&lang=en
108,St. Herman of Alaska Community,"Tucson, AZ",AZ,United States,32.227832,-110.943784,https://directory.stinnocentpress.com/viewparish.cgi?Uid=108&lang=en
656,Holy Virgin Russian Orthodox Church of the Kursk Root Icon,"Tucson, AZ",AZ,United States,32.2502557,-110.9105677,https://directory.stinnocentpress.com/viewparish.cgi?Uid=656&lang=en
625,Christ the Savior Orthodox Church,"Youngtown, AZ",AZ,United States,33.5943686,-112.3026222,https://directory.stinnocentpress.com/viewparish.cgi?Uid=625&lang=en
575,All Saints of North America Church,"Youngtown, AZ",AZ,United States,33.5943686,-112.3026222,https://directory.stinnocentpress.com/viewparish.cgi?Uid=575&lang=en
65,All Saints of America Orthodox,"De Queen, AR",AR,United States,34.069745,-94.399806,https://directory.stinnocentpress.com/viewparish.cgi?Uid=65&lang=en
546,Seeker of the Lost Orthodox Mission,"North Little Rock, AR",AR,United States,34.806645,-92.2496139,https://directory.stinnocentpress.com/viewparish.cgi?Uid=546&lang=en
430,St. John the Wonderworker Western-Rite Stavropegial Orthodox Church,", CA",CA,United States,36.778261,-119.4179324,https://directory.stinnocentpress.com/viewparish.cgi?Uid=430&lang=en
109,Church of All Russian Saints,"Burlingame, CA",CA,United States,37.579798,-122.357889,https://directory.stinnocentpress.com/viewparish.cgi?Uid=109&lang=en
95,St. Simeon Verkhotursky Russian Orthodox Church,"Calistoga, CA",CA,United States,38.577706,-122.582505,https://directory.stinnocentpress.com/viewparish.cgi?Uid=95&lang=en
110,St. John of Kronstadt House Church,"Castro Valley, CA",CA,United States,37.707005,-122.069826,https://directory.stinnocentpress.com/viewparish.cgi?Uid=110&lang=en
97,St. Xenia of St. Petersburg Mission,"Concord, CA",CA,United States,37.977128,-122.03211,https://directory.stinnocentpress.com/viewparish.cgi?Uid=97&lang=en
652,Orthodox Church of the Nativity of the Theotokos,"Corona, CA",CA,United States,33.8880971,-117.5829635,https://directory.stinnocentpress.com/viewparish.cgi?Uid=652&lang=en
312,St. Elias Orthodox Mission,"Diamond Springs, CA",CA,United States,38.693374,-120.812685,https://directory.stinnocentpress.com/viewparish.cgi?Uid=312&lang=en
111,Holy Virgin of Kazan Church,"Guerneville, CA",CA,United States,38.492286,-123.010714,https://directory.stinnocentpress.com/viewparish.cgi?Uid=111&lang=en
112,Protection of the Holy Virgin Russian Church,"Hollywood, CA",CA,United States,34.1082015,-118.3255839,https://directory.stinnocentpress.com/viewparish.cgi?Uid=112&lang=en
103,Holy Trinity Chapel,"Jenner, CA",CA,United States,38.524525,-123.2307067,https://directory.stinnocentpress.com/viewparish.cgi?Uid=103&lang=en
106,St. Barbara Russian Orthodox Church,"Lake forest , CA",CA,United States,33.6603481,-117.6965434,https://directory.stinnocentpress.com/viewparish.cgi?Uid=106&lang=en
649,St. Olga Chapel (St. George Pathfinders Camp),"Laytonville, CA",CA,United States,39.6255684,-123.5778491,https://directory.stinnocentpress.com/viewparish.cgi?Uid=649&lang=en
617,All Saints Orthodox Mission,"Lodi , CA",CA,United States,38.1385968,-121.2894628,https://directory.stinnocentpress.com/viewparish.cgi?Uid=617&lang=en
104,Holy Dormition Mission,"Los Angeles, CA",CA,United States,34.09558,-118.3081987,https://directory.stinnocentpress.com/viewparish.cgi?Uid=104&lang=en
105,Holy Transfiguration Cathedral,"Los Angeles, CA",CA,United States,34.09558,-118.308199,https://directory.stinnocentpress.com/viewparish.cgi?Uid=105&lang=en
691,Monastery of Our Lady and Holy Forerunner and Baptist John,"Los Angeles, CA",CA,United States,30.6088011,-89.9000731,https://directory.stinnocentpress.com/viewparish.cgi?Uid=691&lang=en
113,Holy Trinity Church,"Oxnard, CA",CA,United States,34.231212,-119.161547,https://directory.stinnocentpress.com/viewparish.cgi?Uid=113&lang=en
114,Protection of the Holy Virgin Church,"Palo Alto, CA",CA,United States,37.42863,-122.1151417,https://directory.stinnocentpress.com/viewparish.cgi?Uid=114&lang=en
101,Holy Ascension Church,"Sacramento, CA",CA,United States,38.582232,-121.488248,https://directory.stinnocentpress.com/viewparish.cgi?Uid=101&lang=en
116,St. John of Kronstadt Church,"San Diego, CA",CA,United States,32.747906,-117.084625,https://directory.stinnocentpress.com/viewparish.cgi?Uid=116&lang=en
72,Holy Resurrection Orthodox Church,"San Francisco, CA",CA,United States,37.786448,-122.46497,https://directory.stinnocentpress.com/viewparish.cgi?Uid=72&lang=en
120,Church of the Mother of God of Kazan,"San Francisco, CA",CA,United States,37.7839524,-122.4791085,https://directory.stinnocentpress.com/viewparish.cgi?Uid=120&lang=en
566,Holy Virgin &quot;Joy of All Who Sorrow&quot; Cathedral,"San Francisco, CA",CA,United States,37.7803481,-122.486305,https://directory.stinnocentpress.com/viewparish.cgi?Uid=566&lang=en
118,St. Sergius of Radonezh Church,"San Francisco, CA",CA,United States,37.763011,-122.469131,https://directory.stinnocentpress.com/viewparish.cgi?Uid=118&lang=en
404,"Diocesan Administration, Diocese of Western-America","San Francisco, CA",CA,United States,37.77704,-122.473537,https://directory.stinnocentpress.com/viewparish.cgi?Uid=404&lang=en
73,St. Tikhon of Zadonsk Orthodox Church,"San Francisco, CA",CA,United States,37.77704,-122.473537,https://directory.stinnocentpress.com/viewparish.cgi?Uid=73&lang=en
71,Old Holy Virgin Cathedral,"San Francisco, CA",CA,United States,37.778016,-122.43094,https://directory.stinnocentpress.com/viewparish.cgi?Uid=71&lang=en
124,Holy Resurrection Church,"Santa Barbara, CA",CA,United States,34.4198538,-119.7102687,https://directory.stinnocentpress.com/viewparish.cgi?Uid=124&lang=en
125,Sts. Peter and Paul Russian Orthodox Church,"Santa Rosa, CA",CA,United States,38.390812,-122.743313,https://directory.stinnocentpress.com/viewparish.cgi?Uid=125&lang=en
126,St. Seraphim of Sarov Church,"Seaside, CA",CA,United States,36.6015138,-121.8508143,https://directory.stinnocentpress.com/viewparish.cgi?Uid=126&lang=en
540,Saint Silouan&#39;a Monastery,"Sonora, CA",CA,United States,38.011156,-120.387769,https://directory.stinnocentpress.com/viewparish.cgi?Uid=540&lang=en
115,St. Herman of Alaska Church,"Sunnyvale, CA",CA,United States,37.3800914,-122.0294657,https://directory.stinnocentpress.com/viewparish.cgi?Uid=115&lang=en
2,Church of All Russian Saints,"Denver, CO",CO,United States,39.674632,-104.949127,https://directory.stinnocentpress.com/viewparish.cgi?Uid=2&lang=en
54,St. Nicholas Orthodox Church,"Enfield, CT",CT,United States,42.0274293,-72.5478646,https://directory.stinnocentpress.com/viewparish.cgi?Uid=54&lang=en
40,St. Panteleimon Church,"Hartford, CT",CT,United States,41.734745,-72.6827613,https://directory.stinnocentpress.com/viewparish.cgi?Uid=40&lang=en
30,The Orthodox Church of the Holy New Martyrs and Confessors of Russia,"Norwich, CT",CT,United States,41.5798175,-72.0620818,https://directory.stinnocentpress.com/viewparish.cgi?Uid=30&lang=en
454,St. Sergius Russian Orthodox Chapel,"Southbury , CT",CT,United States,41.448943,-73.2502511,https://directory.stinnocentpress.com/viewparish.cgi?Uid=454&lang=en
129,Church of the Presentation of Christ in the Temple,"Stratford, CT",CT,United States,41.1987429,-73.1357275,https://directory.stinnocentpress.com/viewparish.cgi?Uid=129&lang=en
39,St. Nicholas Orthodox Church,"Stratford, CT",CT,United States,41.1843821,-73.142705,https://directory.stinnocentpress.com/viewparish.cgi?Uid=39&lang=en
594,Iveron Mother of God Cemetery Chapel at St. Paul&#39;s Rock Creek Cemetery,", DC",DC,United States,38.9458506,-77.0137592,https://directory.stinnocentpress.com/viewparish.cgi?Uid=594&lang=en
12,St. John the Baptist Orthodox Cathedral,"Washington, DC",DC,United States,38.93997,-77.037975,https://directory.stinnocentpress.com/viewparish.cgi?Uid=12&lang=en
417,St. Andrew the First-Called Mission,", FL",FL,United States,29.1987957,-81.0423429,https://directory.stinnocentpress.com/viewparish.cgi?Uid=417&lang=en
232,St. Nicholas Church,"Bunnell, FL",FL,United States,29.4740512,-81.224157,https://directory.stinnocentpress.com/viewparish.cgi?Uid=232&lang=en
506,Saint Catherine Mission,"Clearwater, FL",FL,United States,27.9472240447307,-82.7778447275085,https://directory.stinnocentpress.com/viewparish.cgi?Uid=506&lang=en
610,Holy St. Luke the Evangelist Chapel,"Coconut Creek, FL",FL,United States,26.2572383,-80.1909065,https://directory.stinnocentpress.com/viewparish.cgi?Uid=610&lang=en
608,Three Heirarchs Church,"Hollywood, FL",FL,United States,26.0189828,-80.2040952,https://directory.stinnocentpress.com/viewparish.cgi?Uid=608&lang=en
533,St. Xenia Orthodox Church Mission,"Interlachen, FL",FL,United States,29.6238574,-81.8903684,https://directory.stinnocentpress.com/viewparish.cgi?Uid=533&lang=en
451,St. Nina Orthodox Mission,"Key West, FL",FL,United States,24.5705975,-81.7529063,https://directory.stinnocentpress.com/viewparish.cgi?Uid=451&lang=en
549,St. Panteleimon Russian Orthodox Church,"Lantana, FL",FL,United States,26.5736443,-80.0596629,https://directory.stinnocentpress.com/viewparish.cgi?Uid=549&lang=en
17,St. Vladimir Orthodox Church,"Miami, FL",FL,United States,25.772943,-80.270037,https://directory.stinnocentpress.com/viewparish.cgi?Uid=17&lang=en
607,Apostolic Mission in Christ,"Miami, FL",FL,United States,25.7991587,-80.1933755,https://directory.stinnocentpress.com/viewparish.cgi?Uid=607&lang=en
611,Church of the Pochaev Icon of the Mother of God,"North Port, FL",FL,United States,27.0472356,-82.2565247,https://directory.stinnocentpress.com/viewparish.cgi?Uid=611&lang=en
528,New Tikhvin Skete of the Holy Mother of God,"Palm Coast, Florida, FL",FL,United States,29.4764082,-81.2236128,https://directory.stinnocentpress.com/viewparish.cgi?Uid=528&lang=en
519,Saint Luke Russian Orthodox Church,"Pompano Beach, FL",FL,United States,26.2916888,-80.1473263,https://directory.stinnocentpress.com/viewparish.cgi?Uid=519&lang=en
492,St. Joseph Staropegial Western-Rite Orthodox Church,"Sarasota, FL",FL,United States,27.370083,-82.553064,https://directory.stinnocentpress.com/viewparish.cgi?Uid=492&lang=en
18,St. Andrew Russian Orthodox Cathedral,"St. Petersburg, FL",FL,United States,27.8209857,-82.7260966,https://directory.stinnocentpress.com/viewparish.cgi?Uid=18&lang=en
330,St. Nicholas & San Gennaro Mission,"Sunrise, FL",FL,United States,26.166317,-80.309271,https://directory.stinnocentpress.com/viewparish.cgi?Uid=330&lang=en
601,Monastery of the Glorious Ascension,", GA",GA,United States,32.1656221,-82.9000751,https://directory.stinnocentpress.com/viewparish.cgi?Uid=601&lang=en
603,St. Michael Garden Cemetery Chapel,"Atlanta, GA",GA,United States,33.9460083,-84.272014,https://directory.stinnocentpress.com/viewparish.cgi?Uid=603&lang=en
10,Joy of All Who Sorrow Orthodox Church,"Cumming, GA",GA,United States,34.1833309,-84.245607,https://directory.stinnocentpress.com/viewparish.cgi?Uid=10&lang=en
571,All Saints Of North America Mission,"DECATUR, GA",GA,United States,33.791248,-84.2984978,https://directory.stinnocentpress.com/viewparish.cgi?Uid=571&lang=en
426,Ascension Monastery,"Dalton, GA",GA,United States,34.6278757713809,-84.9555158615112,https://directory.stinnocentpress.com/viewparish.cgi?Uid=426&lang=en
11,St. Mary of Egypt Orthodox Church,"Roswell, GA",GA,United States,34.0611026,-84.4134913,https://directory.stinnocentpress.com/viewparish.cgi?Uid=11&lang=en
134,Holy Theotokos of Iveron Russian Orthodox Church,"Kailua, HI",HI,United States,21.4016551,-157.7422015,https://directory.stinnocentpress.com/viewparish.cgi?Uid=134&lang=en
565,Our Lady of the Angels Hermitage,"Kapaau, HI",HI,United States,20.2260076,-155.7976662,https://directory.stinnocentpress.com/viewparish.cgi?Uid=565&lang=en
67,St. Seraphim of Sarov Orthodox Church,"Boise, ID",ID,United States,43.6298008206483,-116.226596832275,https://directory.stinnocentpress.com/viewparish.cgi?Uid=67&lang=en
613,ORPR Youth Camp,", IL",IL,United States,40.6331249,-89.3985283,https://directory.stinnocentpress.com/viewparish.cgi?Uid=613&lang=en
559,Holy Dormition of the Theotokos Church,"Benld, IL",IL,United States,39.0951343,-89.8020224,https://directory.stinnocentpress.com/viewparish.cgi?Uid=559&lang=en
252,St. Innocent of Moscow Russian Orthodox Church,"Carol Stream, IL",IL,United States,41.8882213455352,-88.1432139873505,https://directory.stinnocentpress.com/viewparish.cgi?Uid=252&lang=en
402,"Diocesan Administration, Diocese of Chicago and Mid-America","Des Plaines, IL",IL,United States,42.0202809,-87.8944182,https://directory.stinnocentpress.com/viewparish.cgi?Uid=402&lang=en
52,Holy Virgin Protection Cathedral,"Des Plaines, IL",IL,United States,42.0200792698669,-87.894401550293,https://directory.stinnocentpress.com/viewparish.cgi?Uid=52&lang=en
614,St. Nicholas Church,"McHenry, IL",IL,United States,42.3295485,-88.2693095,https://directory.stinnocentpress.com/viewparish.cgi?Uid=614&lang=en
78,St. Ioasaph of Belgorod Russian Church,"Muddy, IL",IL,United States,37.7653,-88.5168,https://directory.stinnocentpress.com/viewparish.cgi?Uid=78&lang=en
487,Holy Transfiguration Orthodox Church,"Peoria, IL",IL,United States,40.763297,-89.6024452,https://directory.stinnocentpress.com/viewparish.cgi?Uid=487&lang=en
136,St. Vladimir Church,"Rock City, IL",IL,United States,42.4133485,-89.468171,https://directory.stinnocentpress.com/viewparish.cgi?Uid=136&lang=en
548,St. Paisius Mission Parish,"Fort Wayne, IN",IN,United States,41.0571798,-85.1000111,https://directory.stinnocentpress.com/viewparish.cgi?Uid=548&lang=en
138,Holy Virgin Protection Orthodox Church,"Goshen, IN",IN,United States,41.6023826796991,-85.8487129211426,https://directory.stinnocentpress.com/viewparish.cgi?Uid=138&lang=en
626,Holy Resurrection Orthodox Church,"Indianapolis , IN",IN,United States,39.9473712,-86.1439501,https://directory.stinnocentpress.com/viewparish.cgi?Uid=626&lang=en
483,St. Joseph of Arimathea Western-Rite Stavropegial Orthodox Church,"La Porte, IN",IN,United States,41.6228197,-86.7138396,https://directory.stinnocentpress.com/viewparish.cgi?Uid=483&lang=en
335,St. George Orthodox Church,"Michigan City, IN",IN,United States,41.713307,-86.877569,https://directory.stinnocentpress.com/viewparish.cgi?Uid=335&lang=en
556,St. Anthony the Great Orthodox Church,"Newburgh, IN",IN,United States,37.9735869,-87.4331589,https://directory.stinnocentpress.com/viewparish.cgi?Uid=556&lang=en
471,St. Nectarios Western-Rite Stavropegial Orthodox Church,"South Bend, IN",IN,United States,41.6813108,-86.2036946,https://directory.stinnocentpress.com/viewparish.cgi?Uid=471&lang=en
544,St. Athanasius,"Davenport, IA",IA,United States,41.5351152495707,-90.5767376588955,https://directory.stinnocentpress.com/viewparish.cgi?Uid=544&lang=en
425,St. John the Wonderworker Western-Rite Stavropegial Orthodox Church,"Des Moines, IA",IA,United States,41.6005448,-93.6091064,https://directory.stinnocentpress.com/viewparish.cgi?Uid=425&lang=en
567,Holy Annunciation Mission,"Sioux City, IA",IA,United States,42.4954772,-96.4045124,https://directory.stinnocentpress.com/viewparish.cgi?Uid=567&lang=en
86,Sts. Peter and Fevronia Orthodox Church,"Merriam, KS",KS,United States,39.040787,-94.702637,https://directory.stinnocentpress.com/viewparish.cgi?Uid=86&lang=en
599,Holy St. Matronaof Moscow Mission,"Versailles, KY",KY,United States,38.0487688,-84.7033482,https://directory.stinnocentpress.com/viewparish.cgi?Uid=599&lang=en
429,Monastery of Our Lady and Holy Forerunner and Baptist John (with the Convent of St. Mary Magdalene),"Bush, LA",LA,United States,30.560476,-89.87366,https://directory.stinnocentpress.com/viewparish.cgi?Uid=429&lang=en
497,St. John the Theologian Orthodox Mission,"New Roads, LA",LA,United States,30.6935593,-91.4330266,https://directory.stinnocentpress.com/viewparish.cgi?Uid=497&lang=en
643,Holy Archangels Mission,"Caribou, ME",ME,United States,46.8539202,-68.0063972,https://directory.stinnocentpress.com/viewparish.cgi?Uid=643&lang=en
583,St. Spyridon Mission,"Caribou, ME",ME,United States,46.8324208,-68.0418077,https://directory.stinnocentpress.com/viewparish.cgi?Uid=583&lang=en
397,Surety of Sinners Orthodox Mission,"Drew Plantation, ME",ME,United States,45.7754783,-68.1199035,https://directory.stinnocentpress.com/viewparish.cgi?Uid=397&lang=en
55,St. Alexander Nevsky Orthodox Church,"Richmond, ME",ME,United States,44.09,-69.8,https://directory.stinnocentpress.com/viewparish.cgi?Uid=55&lang=en
568,St. Polycarp of Smyrna Church,"Sanford, ME",ME,United States,43.4239998,-70.7666268,https://directory.stinnocentpress.com/viewparish.cgi?Uid=568&lang=en
573,Holy Archangels Orthodox Church,"Waterville, ME",ME,United States,44.5563938,-69.6381258,https://directory.stinnocentpress.com/viewparish.cgi?Uid=573&lang=en
585,St. John of Shanghai Mission and &quot;Surety of Sinners&quot; Chapel,"Wytopitlock, ME",ME,United States,45.6027179,-68.0565875,https://directory.stinnocentpress.com/viewparish.cgi?Uid=585&lang=en
13,Holy Transfiguration Orthodox Church,"Baltimore, MD",MD,United States,39.291651,-76.586065,https://directory.stinnocentpress.com/viewparish.cgi?Uid=13&lang=en
14,Holy Apostles Orthodox Church,"Beltsville, MD",MD,United States,39.031532,-76.912128,https://directory.stinnocentpress.com/viewparish.cgi?Uid=14&lang=en
555,St.Thecla Orthodox Church,"Kensington, MD",MD,United States,39.0258967,-77.0717138,https://directory.stinnocentpress.com/viewparish.cgi?Uid=555&lang=en
379,Parish of St.John of Shanghai and San Francisco the Miracle Worker,"Framingham , MA",MA,United States,42.305926,-71.433489,https://directory.stinnocentpress.com/viewparish.cgi?Uid=379&lang=en
8,Orthodox Church of St. John the Russian,"Ipswich, MA",MA,United States,42.678928,-70.843478,https://directory.stinnocentpress.com/viewparish.cgi?Uid=8&lang=en
51,St. Xenia Orthodox Church,"Methuen, MA",MA,United States,42.698436,-71.232731,https://directory.stinnocentpress.com/viewparish.cgi?Uid=51&lang=en
50,Russian Orthodox Church of the Epiphany,"Roslindale, MA",MA,United States,42.2880068,-71.1381041,https://directory.stinnocentpress.com/viewparish.cgi?Uid=50&lang=en
584,Holy Protection Orthodox Mission at Holy Protection Chapel and Orthodox Christian Education Center,"West Brookfield, MA",MA,United States,42.2735647,-72.1331207,https://directory.stinnocentpress.com/viewparish.cgi?Uid=584&lang=en
415,Christ the Savior Mission,"Worcester, MA",MA,United States,42.2657369,-71.8022207,https://directory.stinnocentpress.com/viewparish.cgi?Uid=415&lang=en
332,Sts. Sergius and Herman of Valaam Monastery,"Atlantic Mine, MI",MI,United States,47.098816,-88.623367,https://directory.stinnocentpress.com/viewparish.cgi?Uid=332&lang=en
558,&quot;Joy of All Who Sorrow&quot; Mission,"Cadillac, MI",MI,United States,44.2589588,-85.408761,https://directory.stinnocentpress.com/viewparish.cgi?Uid=558&lang=en
142,St. Vladimir Orthodox Church,"Dexter, MI",MI,United States,42.295055,-83.9262825,https://directory.stinnocentpress.com/viewparish.cgi?Uid=142&lang=en
143,Assumption of the Virgin Mary Russian Orthodox Cathedral,"Ferndale, MI",MI,United States,42.463345,-83.143394,https://directory.stinnocentpress.com/viewparish.cgi?Uid=143&lang=en
557,Michael Boyar,"Gibraltar, MI",MI,United States,42.0898364,-83.1979063,https://directory.stinnocentpress.com/viewparish.cgi?Uid=557&lang=en
648,St. Jacob of Alaska Mission,"Ishpeming, MI",MI,United States,46.4939528,-87.6634933,https://directory.stinnocentpress.com/viewparish.cgi?Uid=648&lang=en
75,St. Herman of Alaska Orthodox Church,"Lake Odessa/Woodbury, MI",MI,United States,42.759955,-85.072244,https://directory.stinnocentpress.com/viewparish.cgi?Uid=75&lang=en
180,St. Seraphim of Sarov Mission,"Lansing, MI",MI,United States,42.760897,-84.543294,https://directory.stinnocentpress.com/viewparish.cgi?Uid=180&lang=en
433,Christ the Saviour Western-Rite Stavropegial Orthodox Church,"Livonia, MI",MI,United States,42.4122335,-83.3316313,https://directory.stinnocentpress.com/viewparish.cgi?Uid=433&lang=en
620,St. Sebastian Orthodox Mission,"Traverse City, MI",MI,United States,44.7066439,-85.5962173,https://directory.stinnocentpress.com/viewparish.cgi?Uid=620&lang=en
503,St. Sabbas Russian Orthodox Stavropegial Monastery,"jhtfh, MI",MI,United States,42.4413571,-82.9442486,https://directory.stinnocentpress.com/viewparish.cgi?Uid=503&lang=en
79,Resurrection of Christ Russian Orthodox Church and Skete; Chapel of St. Seraphim of Sarov and Holy Elders of Optina,"Fridley, MN",MN,United States,45.071235,-93.239123,https://directory.stinnocentpress.com/viewparish.cgi?Uid=79&lang=en
615,Chapel of Saint Seraphim of Sarov and Holy Elders of Optina,"Fridley-Minneapolis, MN",MN,United States,45.0715168,-93.2429477,https://directory.stinnocentpress.com/viewparish.cgi?Uid=615&lang=en
144,St. Panteleimon Russian Orthodox Church,"Minneapolis, MN",MN,United States,44.964581,-93.2088355,https://directory.stinnocentpress.com/viewparish.cgi?Uid=144&lang=en
465,Saints Aidan and Cuthbert Western-Rite Stavropegial Orthodox Church,"St. Paul, MN",MN,United States,44.974773,-93.116584,https://directory.stinnocentpress.com/viewparish.cgi?Uid=465&lang=en
602,St. John the Wonderworker Mission,"Diamondhead, MS",MS,United States,30.3885517,-89.3592227,https://directory.stinnocentpress.com/viewparish.cgi?Uid=602&lang=en
623,St. John the Wonderworker,"Diamonhead, , MS",MS,United States,30.3884784,-89.3623312,https://directory.stinnocentpress.com/viewparish.cgi?Uid=623&lang=en
645,Convent of St. Mary Magdalene,"Pass Christian, MS",MS,United States,30.3225973,-89.2293839,https://directory.stinnocentpress.com/viewparish.cgi?Uid=645&lang=en
331,St. Basil the Great Orthodox Church,"Des Peres, MO",MO,United States,38.5804828,-90.4505957,https://directory.stinnocentpress.com/viewparish.cgi?Uid=331&lang=en
94,St. John Chrysostom Orthodox Church,"House Springs, MO",MO,United States,38.413616,-90.585437,https://directory.stinnocentpress.com/viewparish.cgi?Uid=94&lang=en
683,Saint Genevieve of Paris Orthodox Parish,"St.Charles, MO",MO,United States,38.7736375,-90.4919335,https://directory.stinnocentpress.com/viewparish.cgi?Uid=683&lang=en
512,Holy Cross Western-Rite Stavropegial Orthodox Church,"Ralston, NE",NE,United States,41.2067958,-96.0261788,https://directory.stinnocentpress.com/viewparish.cgi?Uid=512&lang=en
550,St. Andrew,"Carson City, NV",NV,United States,39.1714007,-119.7673835,https://directory.stinnocentpress.com/viewparish.cgi?Uid=550&lang=en
542,Sant Columba,"Fernley, NV",NV,United States,39.617509,-119.220125,https://directory.stinnocentpress.com/viewparish.cgi?Uid=542&lang=en
653,All Saints Church,"Las Vegas, NV",NV,United States,36.2036027,-115.2099199,https://directory.stinnocentpress.com/viewparish.cgi?Uid=653&lang=en
237,Holy Royal Martyrs of Russia Orthodox Church,"Sparks, NV",NV,United States,39.5434306,-119.752343,https://directory.stinnocentpress.com/viewparish.cgi?Uid=237&lang=en
660,St. Panteleimon Chapel,"Branchville, NJ",NJ,United States,41.1701324,-74.8029605,https://directory.stinnocentpress.com/viewparish.cgi?Uid=660&lang=en
7,St. Panteleimon Church,"Branchville, NJ",NJ,United States,41.1706429153213,-74.8002433776855,https://directory.stinnocentpress.com/viewparish.cgi?Uid=7&lang=en
48,Hermitage of the Holy Protection,"Buena, NJ",NJ,United States,39.540555,-74.898506,https://directory.stinnocentpress.com/viewparish.cgi?Uid=48&lang=en
591,Synodal Skete of St. Nicholas of Myra,"Freehold, NJ",NJ,United States,40.2684429,-74.2784293,https://directory.stinnocentpress.com/viewparish.cgi?Uid=591&lang=en
43,St. Alexander Nevsky Orthodox Cathedral and Church of our Lady of Tikhvin,"Howell, NJ",NJ,United States,40.114877,-74.207066,https://directory.stinnocentpress.com/viewparish.cgi?Uid=43&lang=en
147,St. George Church,"Howell, NJ",NJ,United States,40.173565,-74.235497,https://directory.stinnocentpress.com/viewparish.cgi?Uid=147&lang=en
659,St. Vladimirâ€™s Cemetery,"Jackson, NJ",NJ,United States,40.1238361,-74.3948272,https://directory.stinnocentpress.com/viewparish.cgi?Uid=659&lang=en
42,St. Vladimir Memorial Church,"Jackson, NJ",NJ,United States,40.11079,-74.392357,https://directory.stinnocentpress.com/viewparish.cgi?Uid=42&lang=en
46,Holy Virgin Protection Church,"New Brunswick, NJ",NJ,United States,40.4901104,-74.4518425,https://directory.stinnocentpress.com/viewparish.cgi?Uid=46&lang=en
34,Our Lady of Kazan Orthodox Church,"Newark, NJ",NJ,United States,40.776055,-74.167792,https://directory.stinnocentpress.com/viewparish.cgi?Uid=34&lang=en
36,St. Cosmas and Damian Church,"Passaic, NJ",NJ,United States,40.869056,-74.123044,https://directory.stinnocentpress.com/viewparish.cgi?Uid=36&lang=en
47,St. Elizabeth the New Martyr Orthodox Church,"Rocky Hill, NJ",NJ,United States,40.39661,-74.636694,https://directory.stinnocentpress.com/viewparish.cgi?Uid=47&lang=en
154,Church of the Assumption,"Trenton, NJ",NJ,United States,40.2175364,-74.7619222,https://directory.stinnocentpress.com/viewparish.cgi?Uid=154&lang=en
41,Holy Trinity Church,"Vineland, NJ",NJ,United States,39.488034,-75.065578,https://directory.stinnocentpress.com/viewparish.cgi?Uid=41&lang=en
98,St. Michael&#39;s Cathedral,"Wayne, NJ",NJ,United States,40.9775362,-74.2664875,https://directory.stinnocentpress.com/viewparish.cgi?Uid=98&lang=en
651,St. Joseph of Arimathea Orthodox Mission,", NM",NM,United States,34.9727305,-105.0323635,https://directory.stinnocentpress.com/viewparish.cgi?Uid=651&lang=en
476,Kellion of St. Anthony the Great,"Alamogordo, NM",NM,United States,32.7481467,-105.9152596,https://directory.stinnocentpress.com/viewparish.cgi?Uid=476&lang=en
117,St. Benedict of Nursia Chapel,"Hobbs, NM",NM,United States,32.723717,-103.115898,https://directory.stinnocentpress.com/viewparish.cgi?Uid=117&lang=en
324,St. Juliana of Lazarevo Church,"Santa Fe, NM",NM,United States,35.6712907,-106.0048954,https://directory.stinnocentpress.com/viewparish.cgi?Uid=324&lang=en
31,Church of the Nativity of the Mother of God,"Albany, NY",NY,United States,42.734087,-73.825404,https://directory.stinnocentpress.com/viewparish.cgi?Uid=31&lang=en
579,Saint Herman of Alaska Orthodox Church / Cloud-Bearing Mountain Retreat Center,"Bovina, NY",NY,United States,42.2634268,-74.6958519,https://directory.stinnocentpress.com/viewparish.cgi?Uid=579&lang=en
515,Church of the Holy Myrrhbearing Women,"Brooklyn, NY",NY,United States,40.5917429,-73.9922083,https://directory.stinnocentpress.com/viewparish.cgi?Uid=515&lang=en
208,New Martyrs and Confessors of Russia Orthodox Church,"Brooklyn, NY",NY,United States,40.606413,-74.003528,https://directory.stinnocentpress.com/viewparish.cgi?Uid=208&lang=en
183,Church of The Mother of God Inexhaustable Cup and St. John of Kronstadt Chapel,"Brooklyn, NY",NY,United States,40.579955,-73.959459,https://directory.stinnocentpress.com/viewparish.cgi?Uid=183&lang=en
53,St. Nicholas Orthodox Church,"Endicott, NY",NY,United States,42.1,-76.07,https://directory.stinnocentpress.com/viewparish.cgi?Uid=53&lang=en
27,Holy Annunciation Church,"Flushing, NY",NY,United States,40.758053,-73.816483,https://directory.stinnocentpress.com/viewparish.cgi?Uid=27&lang=en
505,Church of the Holy Life-Creating Trinity at St. Innocent of Moscow Retreat Center,"Franklin, NY",NY,United States,42.3594133454682,-75.1560708470215,https://directory.stinnocentpress.com/viewparish.cgi?Uid=505&lang=en
25,Church of the Intercession of the Holy Virgin and St. Sergius,"Glen Cove, NY",NY,United States,40.86905,-73.641454,https://directory.stinnocentpress.com/viewparish.cgi?Uid=25&lang=en
538,St. Luke the Evangelist Mission,"Hyde Park, NY",NY,United States,41.7898341,-73.8658902,https://directory.stinnocentpress.com/viewparish.cgi?Uid=538&lang=en
59,Entrance into the Temple of the Holy Virgin Church,"Jamesville, NY",NY,United States,43.03,-76.1,https://directory.stinnocentpress.com/viewparish.cgi?Uid=59&lang=en
56,Holy Trinity Stavropegial Monastery,"Jordanville, NY",NY,United States,42.930159363562,-74.9351692199707,https://directory.stinnocentpress.com/viewparish.cgi?Uid=56&lang=en
453,Nativity of the Holy Mother of God at the Hermitage of Our Lady of Kursk,"Mahopac, NY",NY,United States,41.3961073973625,-73.7193112120727,https://directory.stinnocentpress.com/viewparish.cgi?Uid=453&lang=en
24,New Kursk Root Stavropegial Hermitage,"Mahopac, NY",NY,United States,41.373214,-73.7321429,https://directory.stinnocentpress.com/viewparish.cgi?Uid=24&lang=en
616,Iveron Mother of God Monastery,"Mohawk, NY",NY,United States,42.918191,-74.924179,https://directory.stinnocentpress.com/viewparish.cgi?Uid=616&lang=en
586,Chapel of the Seven Youths of Ephesus,"Morris, NY",NY,United States,42.5464951,-75.2501048,https://directory.stinnocentpress.com/viewparish.cgi?Uid=586&lang=en
29,Holy Dormition Novo-Diveevo Stavropegial Convent,"Nanuet, NY",NY,United States,41.111687,-74.023736,https://directory.stinnocentpress.com/viewparish.cgi?Uid=29&lang=en
156,Holy Trinity Church,"New York, NY",NY,United States,40.7681182,-73.9141432,https://directory.stinnocentpress.com/viewparish.cgi?Uid=156&lang=en
20,Synodal Cathedral of the Mother of God of the Sign,"New York, NY",NY,United States,40.7848274,-73.9544688,https://directory.stinnocentpress.com/viewparish.cgi?Uid=20&lang=en
590,Chapel of St. Anastasia of Serbia,"New York, NY",NY,United States,40.7664678,-73.9103834,https://directory.stinnocentpress.com/viewparish.cgi?Uid=590&lang=en
385,Church of St. Sergius of Radonezh at the Synodal Cathedral,"New York, NY",NY,United States,40.7848274,-73.9544688,https://directory.stinnocentpress.com/viewparish.cgi?Uid=385&lang=en
609,St. Andrew Orthodox Mission,"New York, NY",NY,United States,40.8691673,-73.6241165,https://directory.stinnocentpress.com/viewparish.cgi?Uid=609&lang=en
587,Parish of the Holy Apostle and Evangelist Mark,"New York, NY",NY,United States,40.5867442,-73.8091438,https://directory.stinnocentpress.com/viewparish.cgi?Uid=587&lang=en
588,Parish of St. Gregory the Theologian at Union Theological Seminary,"New York, NY",NY,United States,40.8112487,-73.9616618,https://directory.stinnocentpress.com/viewparish.cgi?Uid=588&lang=en
163,Holy Fathers Church,"New York, NY",NY,United States,40.8306732,-73.9453636,https://directory.stinnocentpress.com/viewparish.cgi?Uid=163&lang=en
589,St. Joasaph of Belgorod Church,"New York, NY",NY,United States,40.610198,-73.9749335,https://directory.stinnocentpress.com/viewparish.cgi?Uid=589&lang=en
391,Christminster Western-Rite Stavropegial Monastery,"Niagara Falls, NY",NY,United States,43.0872,-79.0386105,https://directory.stinnocentpress.com/viewparish.cgi?Uid=391&lang=en
22,Great Martyr George Chapel,"Northville, NY",NY,United States,43.173642,-74.102484,https://directory.stinnocentpress.com/viewparish.cgi?Uid=22&lang=en
28,Holy Virgin Protection Church,"Nyack, NY",NY,United States,41.088598,-73.922594,https://directory.stinnocentpress.com/viewparish.cgi?Uid=28&lang=en
38,St. Nicholas Church,"Poughkeepsie, NY",NY,United States,41.692675,-73.931007,https://directory.stinnocentpress.com/viewparish.cgi?Uid=38&lang=en
434,St. Ambrose of Milan Western-Rite Stavropegial Orthodox Church,"Putnam Valley, NY",NY,United States,41.3584755,-73.8681441,https://directory.stinnocentpress.com/viewparish.cgi?Uid=434&lang=en
166,Russian Orthodox Church of the Assumption,"Richmond Hill, NY",NY,United States,40.6900246,-73.8213213,https://directory.stinnocentpress.com/viewparish.cgi?Uid=166&lang=en
58,Protection of the Mother of God Russian Orthodox Church,"Rochester, NY",NY,United States,43.15,-77.53,https://directory.stinnocentpress.com/viewparish.cgi?Uid=58&lang=en
452,Monastery of St Dionysios the Areopagite,"Saint James , NY",NY,United States,40.8839029,-73.1657349,https://directory.stinnocentpress.com/viewparish.cgi?Uid=452&lang=en
26,St. Seraphim of Sarov Orthodox Church,"Sea Cliff, NY",NY,United States,40.8517287,-73.6418912,https://directory.stinnocentpress.com/viewparish.cgi?Uid=26&lang=en
336,Icon of the Mother of God &quot;Otrada&quot; Chapel,"Spring Valley, NY",NY,United States,41.084626,-74.04258,https://directory.stinnocentpress.com/viewparish.cgi?Uid=336&lang=en
377,Church of the Icon of the Mother of God &quot;Unexpected Joy&quot;,"Staten Island, NY",NY,United States,40.6305623,-74.0819202,https://directory.stinnocentpress.com/viewparish.cgi?Uid=377&lang=en
522,Fr Symeon Najmanje [Kilmer],"Syracuse, NY",NY,United States,0.0,0.0,https://directory.stinnocentpress.com/viewparish.cgi?Uid=522&lang=en
60,St. John of Kronstadt Orthodox Memorial Church,"Utica, NY",NY,United States,43.09,-75.22,https://directory.stinnocentpress.com/viewparish.cgi?Uid=60&lang=en
32,Sts. Theodore Orthodox Church,"Williamsville, NY",NY,United States,42.959541,-78.74874,https://directory.stinnocentpress.com/viewparish.cgi?Uid=32&lang=en
316,Sts. Peter and Paul Chapel,"Woodbourne, NY",NY,United States,41.7958880981914,-74.551420211792,https://directory.stinnocentpress.com/viewparish.cgi?Uid=316&lang=en
469,saint george russian orthodox mission,"poughkeepsie, NY",NY,United States,41.7010677,-73.9245396,https://directory.stinnocentpress.com/viewparish.cgi?Uid=469&lang=en
600,Saint Herman Mission,", NC",NC,United States,35.7595731,-79.0192997,https://directory.stinnocentpress.com/viewparish.cgi?Uid=600&lang=en
3,Orthodox Church of the Reigning Mother of God,"Charlotte, NC",NC,United States,35.292074,-80.837323,https://directory.stinnocentpress.com/viewparish.cgi?Uid=3&lang=en
606,Chapel of Righteous Anna at Chapel Hills Winery,"Columbus, NC",NC,United States,35.2242053,-82.0357101,https://directory.stinnocentpress.com/viewparish.cgi?Uid=606&lang=en
4,St. Nicholas Orthodox Church,"Fletcher, NC",NC,United States,35.438734,-82.528058,https://directory.stinnocentpress.com/viewparish.cgi?Uid=4&lang=en
531,Holy Wisdom Orthodox Church,"Gastonia, NC",NC,United States,35.2153508,-81.1116052,https://directory.stinnocentpress.com/viewparish.cgi?Uid=531&lang=en
604,St. Timothy the Apostle Mission,"Hickory, NC",NC,United States,35.7451353,-81.3359019,https://directory.stinnocentpress.com/viewparish.cgi?Uid=604&lang=en
1,Holy Trinity Orthodox Church,"Mebane, NC",NC,United States,36.087084,-79.235732,https://directory.stinnocentpress.com/viewparish.cgi?Uid=1&lang=en
576,St. Thomas the Apostle Russian Orthodox Mission,"Tobaccoville, NC",NC,United States,36.2104532,-80.3884594,https://directory.stinnocentpress.com/viewparish.cgi?Uid=576&lang=en
381,All Saints Orthodox Church and Mission,"Fargo, ND",ND,United States,46.9091662,-96.787376,https://directory.stinnocentpress.com/viewparish.cgi?Uid=381&lang=en
491,St. Mary of Egypt Stavropegial Western-Rite Orthodox Church,"Cincinnati, OH",OH,United States,39.2028354,-84.5475436,https://directory.stinnocentpress.com/viewparish.cgi?Uid=491&lang=en
384,St. John of San Francisco Mission,"Columbus, OH",OH,United States,40.0088039,-83.0009271,https://directory.stinnocentpress.com/viewparish.cgi?Uid=384&lang=en
624,Monastery of St. John the Theologian,"Hiram, OH",OH,United States,41.334193,-81.177667,https://directory.stinnocentpress.com/viewparish.cgi?Uid=624&lang=en
189,St. George Orthodox Church,"Loveland, OH",OH,United States,39.274139,-84.2836279,https://directory.stinnocentpress.com/viewparish.cgi?Uid=189&lang=en
175,St. Sergius Cathedral,"Parma, OH",OH,United States,41.385776,-81.684803,https://directory.stinnocentpress.com/viewparish.cgi?Uid=175&lang=en
83,St. Tikhon Orthodox Community,"Sandusky, OH",OH,United States,41.39813,-82.647298,https://directory.stinnocentpress.com/viewparish.cgi?Uid=83&lang=en
323,Kazan Mother of God Church,"Urbana, OH",OH,United States,40.107097,-83.754467,https://directory.stinnocentpress.com/viewparish.cgi?Uid=323&lang=en
91,St. Benedict Orthodox Church,"Oklahoma City, OK",OK,United States,35.409558,-97.449894,https://directory.stinnocentpress.com/viewparish.cgi?Uid=91&lang=en
529,St Nino Equal-to-the-Apostles Orthodox Church,"Stillwater, OK",OK,United States,36.1156071,-97.0583681,https://directory.stinnocentpress.com/viewparish.cgi?Uid=529&lang=en
69,St. Martin the Merciful Church,"Corvallis, OR",OR,United States,44.6046088,-123.2582424,https://directory.stinnocentpress.com/viewparish.cgi?Uid=69&lang=en
68,New Russian Martyrs Church,"Mulino, OR",OR,United States,45.2439222,-122.5829457,https://directory.stinnocentpress.com/viewparish.cgi?Uid=68&lang=en
176,Church of St. Innocent of Irkutsk,"Rogue River, OR",OR,United States,42.429259,-123.161554,https://directory.stinnocentpress.com/viewparish.cgi?Uid=176&lang=en
592,Holy Trinity Cemetery,", PA",PA,United States,40.0610488,-79.8865024,https://directory.stinnocentpress.com/viewparish.cgi?Uid=592&lang=en
493,Our Lady of Walsingham Staropegial Western-Rite Orthodox Church,"Allison Park, PA",PA,United States,40.5845867,-79.999543,https://directory.stinnocentpress.com/viewparish.cgi?Uid=493&lang=en
177,St. Basil the Great Orthodox Church,"Belle Vernon, PA",PA,United States,40.1459559,-79.7898125,https://directory.stinnocentpress.com/viewparish.cgi?Uid=177&lang=en
325,Holy Trinity Church,"California, PA",PA,United States,40.061812,-79.885772,https://directory.stinnocentpress.com/viewparish.cgi?Uid=325&lang=en
661,Holy Trinity Cemetery,"California, PA",PA,United States,40.0612249,-79.8858594,https://directory.stinnocentpress.com/viewparish.cgi?Uid=661&lang=en
23,Nativity of Christ Church,"Erie, PA",PA,United States,42.136058,-80.082644,https://directory.stinnocentpress.com/viewparish.cgi?Uid=23&lang=en
263,Christ Our Savior Orthodox Church,"Indiana, PA",PA,United States,40.667798,-79.055022,https://directory.stinnocentpress.com/viewparish.cgi?Uid=263&lang=en
662,St. John the Wonderworker of America Mission,"Lewisburg, PA",PA,United States,40.965083,-76.8831983,https://directory.stinnocentpress.com/viewparish.cgi?Uid=662&lang=en
537,St. John of Shanghai and San Francisco Russian Orthodox Mission Church,"Lewisburg, PA",PA,United States,40.9651087,-76.8831912,https://directory.stinnocentpress.com/viewparish.cgi?Uid=537&lang=en
179,St. John the Baptist Church,"Mayfield, PA",PA,United States,41.5377692,-75.5353606,https://directory.stinnocentpress.com/viewparish.cgi?Uid=179&lang=en
593,Dormition Church,"McKeesport, PA",PA,United States,40.3495,-79.8633395,https://directory.stinnocentpress.com/viewparish.cgi?Uid=593&lang=en
320,St. Stephen Russian Orthodox Church,"Old Forge, PA",PA,United States,41.3808928,-75.7409156,https://directory.stinnocentpress.com/viewparish.cgi?Uid=320&lang=en
19,Church of Our Lady â€˜â€˜The Joy of All in Sorrowâ€™â€™,"Philadelphia, PA",PA,United States,39.9642623,-75.1710913,https://directory.stinnocentpress.com/viewparish.cgi?Uid=19&lang=en
188,St. Basil&#39;s Russian Orthodox Church,"Simpson, PA",PA,United States,41.594962,-75.485683,https://directory.stinnocentpress.com/viewparish.cgi?Uid=188&lang=en
181,Christ the Saviour Orthodox Church,"Sugar Notch, PA",PA,United States,41.1979265,-75.9228481,https://directory.stinnocentpress.com/viewparish.cgi?Uid=181&lang=en
435,Christ the King Western-Rite Stavropegial Orthodox Church,"Tullytown, PA",PA,United States,40.1413766,-74.8129466,https://directory.stinnocentpress.com/viewparish.cgi?Uid=435&lang=en
340,Holy Virgin Dormition Church,"ÐœÐ°ÐºÐºÐ¸ÑÐ¿Ð¾Ñ€Ñ‚ , PA",PA,United States,40.3450499,-79.8464804,https://directory.stinnocentpress.com/viewparish.cgi?Uid=340&lang=en
418,San Juan Climacos Orthodox Mission,"San German, PR",PR,United States,18.0808333,-67.0408333,https://directory.stinnocentpress.com/viewparish.cgi?Uid=418&lang=en
436,St. Cuthbert Western-Rite Stavropegial Orthodox Church,"Pawtucket, RI",RI,United States,41.866704,-71.3847399,https://directory.stinnocentpress.com/viewparish.cgi?Uid=436&lang=en
6,Sts. Cyril and Methodius Orthodox Christian Church,"Summerville, SC",SC,United States,33.0200338,-80.1762377,https://directory.stinnocentpress.com/viewparish.cgi?Uid=6&lang=en
5,St. Elizabeth the New Martyr Orthodox Church,"West Columbia, SC",SC,United States,33.9872429,-81.081998,https://directory.stinnocentpress.com/viewparish.cgi?Uid=5&lang=en
21,St. Tikhon the New-Martyr Church,"Blountville, TN",TN,United States,36.5323002,-82.3237175,https://directory.stinnocentpress.com/viewparish.cgi?Uid=21&lang=en
570,Saint Bartholomew Russian Orthodox Church,"Chattanooga, TN",TN,United States,35.0438805,-85.2939283,https://directory.stinnocentpress.com/viewparish.cgi?Uid=570&lang=en
551,"Christ the Savior, Mission Orthodox Church","Chattanooga, TN",TN,United States,35.0110531,-85.1446346,https://directory.stinnocentpress.com/viewparish.cgi?Uid=551&lang=en
539,St. Mary the Virgin Orthodox Skete,"Dayton, TN",TN,United States,35.565358,-85.107017,https://directory.stinnocentpress.com/viewparish.cgi?Uid=539&lang=en
530,Saint Mary the Virgin Orthodox Church,"Dayton, TN",TN,United States,35.565358,-85.107017,https://directory.stinnocentpress.com/viewparish.cgi?Uid=530&lang=en
634,St. Elizabeth the New-Martyr Church,"Lebanon, TN",TN,United States,36.2523762,-86.1474722,https://directory.stinnocentpress.com/viewparish.cgi?Uid=634&lang=en
422,St. Nektarios Church,"Lenoir City, TN",TN,United States,35.8786537576802,-84.3243598937988,https://directory.stinnocentpress.com/viewparish.cgi?Uid=422&lang=en
400,St. Innocent Mission,"Nashville, TN",TN,United States,36.1830184,-86.792758,https://directory.stinnocentpress.com/viewparish.cgi?Uid=400&lang=en
605,Holy Prophet Elijah Mission,"Pigeon Forge, TN",TN,United States,35.8045936,-83.5797779,https://directory.stinnocentpress.com/viewparish.cgi?Uid=605&lang=en
182,Theotokos of the Life-Giving Spring Orthodox Mission,"Bryan, TX",TX,United States,30.6629095,-96.3703575,https://directory.stinnocentpress.com/viewparish.cgi?Uid=182&lang=en
554,Holly Cross Orthodox Mission,"Corpus Christi, TX",TX,United States,27.6650544,-97.3879361,https://directory.stinnocentpress.com/viewparish.cgi?Uid=554&lang=en
92,Holy Mother of God Orthodox Church,"Georgetown, TX",TX,United States,30.6604921,-97.6934348,https://directory.stinnocentpress.com/viewparish.cgi?Uid=92&lang=en
102,St. Vladimir Orthodox Church,"Houston, TX",TX,United States,29.8448725,-95.3993093,https://directory.stinnocentpress.com/viewparish.cgi?Uid=102&lang=en
509,St. Andrew the First-Called Orthodox Church,"Lockhart, TX",TX,United States,29.8836915,-97.6723854,https://directory.stinnocentpress.com/viewparish.cgi?Uid=509&lang=en
553,SAINT CATHERINE THE GREAT-MARTYR  ORTHODOX CHRISTIAN COMMUNITY,"Lubbock, TX",TX,United States,33.580831,-101.8688121,https://directory.stinnocentpress.com/viewparish.cgi?Uid=553&lang=en
577,St Joseph The All Comely,"Marshall , TX",TX,United States,32.5544847,-94.3688987,https://directory.stinnocentpress.com/viewparish.cgi?Uid=577&lang=en
339,St. Nicholas Russian Orthodox Church,"McKinney, TX",TX,United States,33.190774,-96.614172,https://directory.stinnocentpress.com/viewparish.cgi?Uid=339&lang=en
488,Sts. Joachim and Anna Orthodox Mission,"San Antonio, TX",TX,United States,29.5265358,-98.6235836,https://directory.stinnocentpress.com/viewparish.cgi?Uid=488&lang=en
309,St. Jonah Orthodox Church,"Spring, TX",TX,United States,30.065836,-95.461509,https://directory.stinnocentpress.com/viewparish.cgi?Uid=309&lang=en
186,St. George Russian Orthodox Church,"West Jordan, UT",UT,United States,40.627879,-111.929927,https://directory.stinnocentpress.com/viewparish.cgi?Uid=186&lang=en
581,Saint Michael the Archangel Orthodox Mission,"Burlington, VT",VT,United States,44.4758442,-73.212121,https://directory.stinnocentpress.com/viewparish.cgi?Uid=581&lang=en
582,Holy Trinity Orthodox Church,"Aylett, VA",VA,United States,37.783623,-77.1339567,https://directory.stinnocentpress.com/viewparish.cgi?Uid=582&lang=en
578,Holy Innocents & St Nina,"Bristow, VA",VA,United States,38.7540642,-77.5632853,https://directory.stinnocentpress.com/viewparish.cgi?Uid=578&lang=en
597,St. Joseph of Optina Church,"Chesapeake, VA",VA,United States,36.7610734,-76.361775,https://directory.stinnocentpress.com/viewparish.cgi?Uid=597&lang=en
646,Mission of St. Anna,"Louisa, VA",VA,United States,37.891746,-77.969347,https://directory.stinnocentpress.com/viewparish.cgi?Uid=646&lang=en
621,Holy Myrrhbearers Orthodox Christian Church,"Mt. Crawford, VA",VA,United States,38.3360373,-78.8627361,https://directory.stinnocentpress.com/viewparish.cgi?Uid=621&lang=en
598,Chapel of the Mother of God &quot;Inexhaustible Cup&quot;,"Natural Bridge Station, VA",VA,United States,37.599024,-79.5942933,https://directory.stinnocentpress.com/viewparish.cgi?Uid=598&lang=en
596,Mission of St. Gregory Palamas,"Richmond, VA",VA,United States,37.6308775,-77.4515749,https://directory.stinnocentpress.com/viewparish.cgi?Uid=596&lang=en
543,Saint Tikhon Orthodox Church,"Ruther Glen, VA",VA,United States,37.9036169,-77.468417,https://directory.stinnocentpress.com/viewparish.cgi?Uid=543&lang=en
569,Saint Demetrios of Thessaloniki  Monastery,"Spotsylvania, VA",VA,United States,38.2444606,-77.6713963,https://directory.stinnocentpress.com/viewparish.cgi?Uid=569&lang=en
495,St. Herman of Alaska Church,"Stafford, VA",VA,United States,38.474415,-77.341406,https://directory.stinnocentpress.com/viewparish.cgi?Uid=495&lang=en
574,Church of the Assumption,"Stafford , VA",VA,United States,38.4961475,-77.5220591,https://directory.stinnocentpress.com/viewparish.cgi?Uid=574&lang=en
194,St. Joseph of Optina Russian Orthodox Church,"Virginia Beach, VA",VA,United States,36.816172,-76.16328,https://directory.stinnocentpress.com/viewparish.cgi?Uid=194&lang=en
685,Philippine Mission of the Russian Orthodox Church,", WA",WA,United States,47.7510741,-120.7401386,https://directory.stinnocentpress.com/viewparish.cgi?Uid=685&lang=en
477,St. John Orthodox Mission,"Kennewick, WA",WA,United States,46.200524,-119.277642,https://directory.stinnocentpress.com/viewparish.cgi?Uid=477&lang=en
33,St. Nicholas Cathedral,"Seattle, WA",WA,United States,47.616629,-122.315585,https://directory.stinnocentpress.com/viewparish.cgi?Uid=33&lang=en
535,St. Innocent Orthodox Church,"Silverdale, WA",WA,United States,47.6462594,-122.6957038,https://directory.stinnocentpress.com/viewparish.cgi?Uid=535&lang=en
572,St. Gabriel the Archangel,"Stanwood, WA",WA,United States,48.2468671,-122.3223395,https://directory.stinnocentpress.com/viewparish.cgi?Uid=572&lang=en
74,All-Merciful Saviour Monastery,"Vashon Island, WA",WA,United States,47.3646564,-122.4617547,https://directory.stinnocentpress.com/viewparish.cgi?Uid=74&lang=en
81,St. Silouan Orthodox Church,"Walla Walla, WA",WA,United States,46.0649119,-118.3251125,https://directory.stinnocentpress.com/viewparish.cgi?Uid=81&lang=en
541,St. Leonard Orthodox Church,"Keystone, WV",WV,United States,37.4115156,-81.4732742,https://directory.stinnocentpress.com/viewparish.cgi?Uid=541&lang=en
595,St. John of Damascus Chapel,"Wayne, WV",WV,United States,38.2407584,-82.3514406,https://directory.stinnocentpress.com/viewparish.cgi?Uid=595&lang=en
49,Holy Cross Monastery,"Wayne, WV",WV,United States,38.2232021,-82.354842,https://directory.stinnocentpress.com/viewparish.cgi?Uid=49&lang=en
89,Convent of the Nativity of the Virgin Mary,"Wayne, WV",WV,United States,38.22691,-82.347472,https://directory.stinnocentpress.com/viewparish.cgi?Uid=89&lang=en
15,Christ the Savior Orthodox Church,"Wayne, WV",WV,United States,38.2593791255758,-82.4483156204224,https://directory.stinnocentpress.com/viewparish.cgi?Uid=15&lang=en
37,Nativity of the Mother of God Orthodox Mission,"Appleton, WI",WI,United States,44.266004,-88.399613,https://directory.stinnocentpress.com/viewparish.cgi?Uid=37&lang=en
255,St. John the Baptist Church,"Blue River, WI",WI,United States,43.175402,-90.589343,https://directory.stinnocentpress.com/viewparish.cgi?Uid=255&lang=en
64,Kursk Icon of the Mother of God Mission,"Edgar, WI",WI,United States,45.002979,-89.896776,https://directory.stinnocentpress.com/viewparish.cgi?Uid=64&lang=en
439,St. Paul the Apostle Western-Rite Stavropegial Orthodox Church,"Kenosha, WI",WI,United States,42.591462,-87.819837,https://directory.stinnocentpress.com/viewparish.cgi?Uid=439&lang=en
184,Holy Trinity Russian Orthodox Church,"Milwaukee, WI",WI,United States,42.9789249,-88.020857,https://directory.stinnocentpress.com/viewparish.cgi?Uid=184&lang=en
563,St John of Shanghai Mission,"Portage, WI",WI,United States,43.5411292,-89.4627516,https://directory.stinnocentpress.com/viewparish.cgi?Uid=563&lang=en
190,Holy Virgin Protection Convent,"Bluffton, AB",AB,Canada,52.749905,-114.292607,https://directory.stinnocentpress.com/viewparish.cgi?Uid=190&lang=en
61,All Saints Orthodox Church,"Calgary, AB",AB,Canada,51.06,-114.04,https://directory.stinnocentpress.com/viewparish.cgi?Uid=61&lang=en
411,St. John Chrysostom Church,"Calgary, AB",AB,Canada,50.9258724,-113.9829784,https://directory.stinnocentpress.com/viewparish.cgi?Uid=411&lang=en
666,Russian Orthodox Church of St. John of Shanghai and San Francisco,"Calgary, AB",AB,Canada,50.9603245,-114.1041279,https://directory.stinnocentpress.com/viewparish.cgi?Uid=666&lang=en
667,St. Vladimir Cathedral,"Edmonton, AB",AB,Canada,53.5863224,-113.4464402,https://directory.stinnocentpress.com/viewparish.cgi?Uid=667&lang=en
373,St. Andrew Church the First-called,"Edson, AB",AB,Canada,53.5880062,-116.4288508,https://directory.stinnocentpress.com/viewparish.cgi?Uid=373&lang=en
192,Holy Dormition of Our Lady Church,"Lethbridge, AB",AB,Canada,49.7128648,-112.8333922,https://directory.stinnocentpress.com/viewparish.cgi?Uid=192&lang=en
372,Dormition Skete,"Northville, AB",AB,Canada,53.611641,-115.350502,https://directory.stinnocentpress.com/viewparish.cgi?Uid=372&lang=en
123,Community of St. George the Great Martyr,"Red Deer, AB",AB,Canada,52.2690328,-113.8114955,https://directory.stinnocentpress.com/viewparish.cgi?Uid=123&lang=en
77,St. Nicholas Orthodox Church,"Vancouver, BC",BC,Canada,49.258791,-123.0869638,https://directory.stinnocentpress.com/viewparish.cgi?Uid=77&lang=en
76,Holy Trinity Orthodox Church,"Vancouver, BC",BC,Canada,49.28,-123.08,https://directory.stinnocentpress.com/viewparish.cgi?Uid=76&lang=en
333,St. Sophia Orthodox Church,"Victoria, BC",BC,Canada,48.4109482,-123.3470738,https://directory.stinnocentpress.com/viewparish.cgi?Uid=333&lang=en
63,Holy Resurrection Church,"Winnipeg, MB",MB,Canada,49.92,-97.15,https://directory.stinnocentpress.com/viewparish.cgi?Uid=63&lang=en
664,Chapel of the Holy Apostles,", ON",ON,Canada,51.253775,-85.3232139,https://directory.stinnocentpress.com/viewparish.cgi?Uid=664&lang=en
663,St. Alexis Chapel,"Bracebridge, ON",ON,Canada,45.0915419,-79.152392,https://directory.stinnocentpress.com/viewparish.cgi?Uid=663&lang=en
122,Parish of St. Tikhon of Moscow,"Cambridge, ON",ON,Canada,43.358711,-80.299776,https://directory.stinnocentpress.com/viewparish.cgi?Uid=122&lang=en
552,Community of the Pochaev Icon Mother of God,"Grassie, ON",ON,Canada,43.1524812,-79.6016516,https://directory.stinnocentpress.com/viewparish.cgi?Uid=552&lang=en
196,Veil of Holy Mother Church,"Hamilton, ON",ON,Canada,43.2492401,-79.8472619,https://directory.stinnocentpress.com/viewparish.cgi?Uid=196&lang=en
443,"St. Benet House, Western-Rite Stavropegial Convent","Hamilton, ON",ON,Canada,43.2563888,-79.8501293,https://directory.stinnocentpress.com/viewparish.cgi?Uid=443&lang=en
197,Our Lady of Smolensk Church,"Jacksons Point, ON",ON,Canada,44.3148378,-79.3796629,https://directory.stinnocentpress.com/viewparish.cgi?Uid=197&lang=en
644,Blessed St. Xenia of Petersburg Church,"Kanata, ON",ON,Canada,45.3219653,-75.8903338,https://directory.stinnocentpress.com/viewparish.cgi?Uid=644&lang=en
198,Christ the Savior Church,"London, ON",ON,Canada,42.965882,-81.226926,https://directory.stinnocentpress.com/viewparish.cgi?Uid=198&lang=en
199,St. John of Rila Bulgarian Orthodox Church,"Niagara Falls, ON",ON,Canada,43.103182,-79.074477,https://directory.stinnocentpress.com/viewparish.cgi?Uid=199&lang=en
200,Protection of the Holy Virgin Memorial Church,"Ottawa, ON",ON,Canada,45.4070549,-75.7279627,https://directory.stinnocentpress.com/viewparish.cgi?Uid=200&lang=en
665,St. Vladimirâ€™s Russian Senior Residenc,"Ottawa, ON",ON,Canada,45.4075458,-75.7276293,https://directory.stinnocentpress.com/viewparish.cgi?Uid=665&lang=en
201,Holy Resurrection Church,"Toronto, ON",ON,Canada,43.680736,-79.432706,https://directory.stinnocentpress.com/viewparish.cgi?Uid=201&lang=en
202,Holy Trinity Cathedral,"Toronto, ON",ON,Canada,43.657155,-79.39394,https://directory.stinnocentpress.com/viewparish.cgi?Uid=202&lang=en
444,St. John the Wonderworker Western-Rite Stavropegial Orthodox Church,"Waterford, ON",ON,Canada,42.9332313,-80.254435,https://directory.stinnocentpress.com/viewparish.cgi?Uid=444&lang=en
203,Holy Trinity Orthodox Church,"Windsor, ON",ON,Canada,42.3137694,-82.9949481,https://directory.stinnocentpress.com/viewparish.cgi?Uid=203&lang=en
96,St. John the Martyr Church,"Lachine, QC",QC,Canada,45.4408443,-73.6691676,https://directory.stinnocentpress.com/viewparish.cgi?Uid=96&lang=en
204,Russian Orthodox Monastery,"Mansonville, QC",QC,Canada,45.0111226,-72.3959761,https://directory.stinnocentpress.com/viewparish.cgi?Uid=204&lang=en
121,St. Seraphim House Church,"Montreal, QC",QC,Canada,45.529888,-73.634902,https://directory.stinnocentpress.com/viewparish.cgi?Uid=121&lang=en
410,"Diocesan Administration, Montreal","Montreal, QC",QC,Canada,45.506018,-73.569109,https://directory.stinnocentpress.com/viewparish.cgi?Uid=410&lang=en
62,St. Nicholas Cathedral,"Montreal, QC",QC,Canada,45.5264657,-73.5873124,https://directory.stinnocentpress.com/viewparish.cgi?Uid=62&lang=en
206,Eglise Notre Dame de Kazan,"Rawdon, QC",QC,Canada,46.029717,-73.712232,https://directory.stinnocentpress.com/viewparish.cgi?Uid=206&lang=en
299,St. John the Forerunner Church,"Canberra, ACT",ACT,Australia,-35.325509,149.151279,https://directory.stinnocentpress.com/viewparish.cgi?Uid=299&lang=en
327,Orthodox Monastery of the Archangel Michael,", NSW",NSW,Australia,-34.4199384566068,151.026134490967,https://directory.stinnocentpress.com/viewparish.cgi?Uid=327&lang=en
319,Holy Transfiguration Orthodox Monastery,"Bombala, NSW",NSW,Australia,-36.713895,149.054003,https://directory.stinnocentpress.com/viewparish.cgi?Uid=319&lang=en
207,Presentation of the Mother of God Convent,"Bungarby, NSW",NSW,Australia,-36.7219962546523,148.959374427795,https://directory.stinnocentpress.com/viewparish.cgi?Uid=207&lang=en
298,Protection of the Holy Virgin Church,"Cabramatta, NSW",NSW,Australia,-33.894859,150.930623,https://directory.stinnocentpress.com/viewparish.cgi?Uid=298&lang=en
300,St. George Church,"Carlton, NSW",NSW,Australia,-33.970191,151.122853,https://directory.stinnocentpress.com/viewparish.cgi?Uid=300&lang=en
311,St. Vladimir Church,"Centennial Park, NSW",NSW,Australia,-33.89959,151.224716,https://directory.stinnocentpress.com/viewparish.cgi?Uid=311&lang=en
380,"Diocesan Administration, Diocese of Australia and New Zealand","Croydon, NSW",NSW,Australia,-33.885669,151.110998,https://directory.stinnocentpress.com/viewparish.cgi?Uid=380&lang=en
310,Church of All Russian Saints,"Croydon, NSW",NSW,Australia,-33.885507,151.111148,https://directory.stinnocentpress.com/viewparish.cgi?Uid=310&lang=en
173,Holy Trinity Monastery,"Dungog, NSW",NSW,Australia,-32.3287723351386,151.810283660889,https://directory.stinnocentpress.com/viewparish.cgi?Uid=173&lang=en
302,St. Nicholas Church,"Fairfield, NSW",NSW,Australia,-33.870684,150.953335,https://directory.stinnocentpress.com/viewparish.cgi?Uid=302&lang=en
271,St. John the Baptist Skete,"Kentlyn, NSW",NSW,Australia,-34.074225,150.864402,https://directory.stinnocentpress.com/viewparish.cgi?Uid=271&lang=en
306,Our Lady of Kazan Convent,"Kentlyn, NSW",NSW,Australia,-34.073183,150.861836,https://directory.stinnocentpress.com/viewparish.cgi?Uid=306&lang=en
532,Holy Dormition Sisterhood,"St Marys, NSW",NSW,Australia,-33.7677563,150.781631,https://directory.stinnocentpress.com/viewparish.cgi?Uid=532&lang=en
84,Sts. Peter and Paul Orthodox Cathedral,"Strathfield, NSW",NSW,Australia,-33.8751100191801,151.089037656784,https://directory.stinnocentpress.com/viewparish.cgi?Uid=84&lang=en
304,Sts. Cyril and Methodius Community,"Tweed Heads South, NSW",NSW,Australia,-28.1973003,153.5443549,https://directory.stinnocentpress.com/viewparish.cgi?Uid=304&lang=en
174,St. Nicholas Church,"Wallsend, NSW",NSW,Australia,-32.902674,151.671657,https://directory.stinnocentpress.com/viewparish.cgi?Uid=174&lang=en
205,St. Panteleimon Church,"West Gosford, NSW",NSW,Australia,-33.413013,151.323509,https://directory.stinnocentpress.com/viewparish.cgi?Uid=205&lang=en
168,Holy Dormition Community,"Wollongong, NSW",NSW,Australia,-34.3679485,150.8957479,https://directory.stinnocentpress.com/viewparish.cgi?Uid=168&lang=en
536,St John the Baptist Orthodox Mission,"East Toowoomba, QLD",QLD,Australia,-27.559167,151.976794,https://directory.stinnocentpress.com/viewparish.cgi?Uid=536&lang=en
296,St. Nicholas Cathedral,"Kangaroo Point, QLD",QLD,Australia,-27.4837379,153.0345306,https://directory.stinnocentpress.com/viewparish.cgi?Uid=296&lang=en
165,Blessed Virgin of Vladimir Russian Orthodox Church Abroad,"Rocklea, QLD",QLD,Australia,-27.5565471,153.014155,https://directory.stinnocentpress.com/viewparish.cgi?Uid=165&lang=en
394,Orthodox Church of the Holy Annunciation,"Woolloongabba, QLD",QLD,Australia,-27.492805,153.032639,https://directory.stinnocentpress.com/viewparish.cgi?Uid=394&lang=en
297,St. Seraphim Church,"Woolloongabba, QLD",QLD,Australia,-27.488235,153.031708,https://directory.stinnocentpress.com/viewparish.cgi?Uid=297&lang=en
516,St. Elizabeth and St. Barbara Church,"Happy Valley, SA",SA,Australia,-35.0844255,138.5603804,https://directory.stinnocentpress.com/viewparish.cgi?Uid=516&lang=en
448,St. Patrick Mission,"Kilburn, SA",SA,Australia,-34.8633494,138.5853309,https://directory.stinnocentpress.com/viewparish.cgi?Uid=448&lang=en
172,Monastery of the Prophet Elias,"Monarto , SA",SA,Australia,-35.092266,139.097081,https://directory.stinnocentpress.com/viewparish.cgi?Uid=172&lang=en
294,St. Nicholas Church,"Wayville, SA",SA,Australia,-34.941847,138.590497,https://directory.stinnocentpress.com/viewparish.cgi?Uid=294&lang=en
305,Exaltation of the Holy Cross Church,"Lenah Valley, TAS",TAS,Australia,-42.867332,147.31005,https://directory.stinnocentpress.com/viewparish.cgi?Uid=305&lang=en
627,Holy Trinity Church,"Lonnavale, TAS",TAS,Australia,-42.9970013,146.8201177,https://directory.stinnocentpress.com/viewparish.cgi?Uid=627&lang=en
167,Holy Fathers Community,"Allansford, VIC",VIC,Australia,-38.371254,142.494131,https://directory.stinnocentpress.com/viewparish.cgi?Uid=167&lang=en
303,Church of Icon of the Joy of All Who Sorrow,"Bell Park, VIC",VIC,Australia,-38.112674,144.335028,https://directory.stinnocentpress.com/viewparish.cgi?Uid=303&lang=en
420,Saint John of Kronstadt Chapel,"Dandenong, VIC",VIC,Australia,-37.9965895,145.2036535,https://directory.stinnocentpress.com/viewparish.cgi?Uid=420&lang=en
301,Church of Our Lady&#39;s Dormition,"Dandenong, VIC",VIC,Australia,-37.994490708042,145.204570144415,https://directory.stinnocentpress.com/viewparish.cgi?Uid=301&lang=en
307,Holy Virgin Protection Cathedral,"East Brunswick, VIC",VIC,Australia,-37.762787,144.980948,https://directory.stinnocentpress.com/viewparish.cgi?Uid=307&lang=en
396,Holy Ascension Orthodox Mission,"Williamstown, VIC",VIC,Australia,-37.862009,144.899071,https://directory.stinnocentpress.com/viewparish.cgi?Uid=396&lang=en
107,Sts. Peter and Paul Church,"Bayswater, WA",WA,Australia,-31.921876,115.903118,https://directory.stinnocentpress.com/viewparish.cgi?Uid=107&lang=en
527,Church of St. Apostle Andrew the First-Called,Lienz,,Austria,46.8292723,12.7693598,https://directory.stinnocentpress.com/viewparish.cgi?Uid=527&lang=en
342,Orthodoxe Kirche Maria Schutz,Salzburg,,Austria,47.809859,13.034702,https://directory.stinnocentpress.com/viewparish.cgi?Uid=342&lang=en
211,St. Alexander Nevsky Orthodox Church,Villach,,Austria,46.618438,13.820531,https://directory.stinnocentpress.com/viewparish.cgi?Uid=211&lang=en
212,"Brussels: Eglise de Saint Job Ã  la mÃ©moire du Saint Tsar Martyr Nicolas II, la Famille ImpÃ©riale et de toutes les victimes des troubles.",Bruxelles,,Belgium,50.804333,4.3564617,https://directory.stinnocentpress.com/viewparish.cgi?Uid=212&lang=en
213,Eglise de la Resurrection du Christ,Bruxelles,,Belgium,50.836609,4.357847,https://directory.stinnocentpress.com/viewparish.cgi?Uid=213&lang=en
160,Mission of St. Silouan of Mt. Athos,Concepcion,,Chile,-36.9041815,-73.0255742,https://directory.stinnocentpress.com/viewparish.cgi?Uid=160&lang=en
284,Church of the Holy Trinity and Icon of Virgin of Kazan,Santiago,,Chile,-33.4511262,-70.5959281,https://directory.stinnocentpress.com/viewparish.cgi?Uid=284&lang=en
161,Parroquia de SÐ°n NectÐ°riÐ¾ de Pentapolis,Valdivia,,Chile,-39.8195857,-73.2452103,https://directory.stinnocentpress.com/viewparish.cgi?Uid=161&lang=en
328,Church of the Mother of God of Vladimir,San JosÃ©,,Costa Rica,9.98811693637403,-84.0161193427399,https://directory.stinnocentpress.com/viewparish.cgi?Uid=328&lang=en
564,Den Hellige Bispemartyr Klements Menighed,Aarhus,,Denmark,56.1287564,10.1650243,https://directory.stinnocentpress.com/viewparish.cgi?Uid=564&lang=en
214,Kirche d. Hl. Alexander Nevskij,KÃ˜BENHAVN K,,Denmark,55.6852397,12.590972,https://directory.stinnocentpress.com/viewparish.cgi?Uid=214&lang=en
450,Saint Seraphim of Sarov Russian Orthodox Church Outside Russia,Punta Cana,,Dominican Republic,18.6704741784061,-68.4413970616547,https://directory.stinnocentpress.com/viewparish.cgi?Uid=450&lang=en
383,Mision Ortodoxa Rusa Icon Nuestra Sra. Madre de Dios de Kazan,"Sosua, Puerto Plata",,Dominican Republic,19.744539,-70.516006,https://directory.stinnocentpress.com/viewparish.cgi?Uid=383&lang=en
632,CommunautÃ© de Tous les Saints,Annecy,,France,45.8999327,6.1259041,https://directory.stinnocentpress.com/viewparish.cgi?Uid=632&lang=en
642,Eglise Saint Archange Michel,Cannes,,France,43.546338,7.039037,https://directory.stinnocentpress.com/viewparish.cgi?Uid=642&lang=en
141,Ã‰glise Saint Archange Michel et la crypte dÃ©diÃ©e Ã  Sainte Catherine et Saint Alexandre Nevsky,Cannes,,France,43.5509864,7.0085607,https://directory.stinnocentpress.com/viewparish.cgi?Uid=141&lang=en
93,Couvent de la Sainte Vierge de Lesna,Etrepagny,,France,49.326197,1.592895,https://directory.stinnocentpress.com/viewparish.cgi?Uid=93&lang=en
219,Eglise des Saints Apotres Pierre et Paul,Lapalisse,,France,46.249591,3.638865,https://directory.stinnocentpress.com/viewparish.cgi?Uid=219&lang=en
215,Eglise Saint Jean le Russe,Lyon,,France,45.7666179,4.8637059,https://directory.stinnocentpress.com/viewparish.cgi?Uid=215&lang=en
145,Eglise Saint Nicolas,Lyon,,France,45.767448,4.864797,https://directory.stinnocentpress.com/viewparish.cgi?Uid=145&lang=en
146,Eglise Saint Georges,Marseille,,France,43.302004,5.388762,https://directory.stinnocentpress.com/viewparish.cgi?Uid=146&lang=en
216,Eglise de l&#39;icone de la Mere de Dieu &quot;Joie de tous les Affligees&quot;,Menton,,France,43.766747,7.4850841,https://directory.stinnocentpress.com/viewparish.cgi?Uid=216&lang=en
85,Eglise de la RÃ©surrection du Christ,Meudon,,France,48.81,2.24,https://directory.stinnocentpress.com/viewparish.cgi?Uid=85&lang=en
618,St. Elenaâ€™s Russian Orthodox Parish of Monaco,Monte-Carlo,,France,43.7432409,7.4289777,https://directory.stinnocentpress.com/viewparish.cgi?Uid=618&lang=en
681,Paroisse de la Sainte ImpÃ©ratrice Elena,Monte-carlo,,France,43.7432409,7.4289777,https://directory.stinnocentpress.com/viewparish.cgi?Uid=681&lang=en
148,Eglise de la Sainte-Trinite - Saint Nicolas,Nilvange,,France,49.341911,6.052381,https://directory.stinnocentpress.com/viewparish.cgi?Uid=148&lang=en
150,Eglise de Tous les Saints glorifies en Terre Russe,Paris,,France,48.841063,2.261582,https://directory.stinnocentpress.com/viewparish.cgi?Uid=150&lang=en
149,Chapelle Saint Jean Maximovitch,Paris,,France,48.825966,2.347504,https://directory.stinnocentpress.com/viewparish.cgi?Uid=149&lang=en
218,Eglise Saint Alexandre Nevsky,Pau,,France,43.301453,-0.366697,https://directory.stinnocentpress.com/viewparish.cgi?Uid=218&lang=en
633,Eglise des SS apÃ´tres Pierre et Paul,Regny,,France,45.9894681,4.2163291,https://directory.stinnocentpress.com/viewparish.cgi?Uid=633&lang=en
631,"CommunautÃ© de Saint Jean, ArchevÃªque de Changhai et de San-Francisco",Rouen,,France,49.4307608,1.1035897,https://directory.stinnocentpress.com/viewparish.cgi?Uid=631&lang=en
151,Eglise du Christ-Sauveur,Strasbourg,,France,48.531567,7.711646,https://directory.stinnocentpress.com/viewparish.cgi?Uid=151&lang=en
220,Kirche d. Hll. Apostel Peter und Paul,Amberg,,Germany,49.429612,11.884755,https://directory.stinnocentpress.com/viewparish.cgi?Uid=220&lang=en
221,Kirche d. Ikone d. Allerheiligsten Gottesmutter &quot;Freude aller Trauernden&quot;,Augsburg,,Germany,48.3632958,10.8642401,https://directory.stinnocentpress.com/viewparish.cgi?Uid=221&lang=en
222,Hl. Alexandra-Kirche,Bad Ems,,Germany,50.330232,7.723164,https://directory.stinnocentpress.com/viewparish.cgi?Uid=222&lang=en
223,Allerheiligen-Kirche,Bad Homburg,,Germany,50.229005,8.627396,https://directory.stinnocentpress.com/viewparish.cgi?Uid=223&lang=en
224,Kirche d. Hl. Sergius von Radonez,Bad Kissengen,,Germany,50.205879,10.074158,https://directory.stinnocentpress.com/viewparish.cgi?Uid=224&lang=en
225,Kirche d. Hl. Innokentios u. d. Hl. Seraphim v. Sarov,Bad Nauheim,,Germany,50.364696,8.736934,https://directory.stinnocentpress.com/viewparish.cgi?Uid=225&lang=en
338,Christi-Verklarungskirche,Baden-Baden,,Germany,48.7549536,8.2439309,https://directory.stinnocentpress.com/viewparish.cgi?Uid=338&lang=en
226,Maria-Schutz-Kirche,Berlin,,Germany,52.5198818,13.3071942,https://directory.stinnocentpress.com/viewparish.cgi?Uid=226&lang=en
228,Hl. Geors-Kirche,Bochum,,Germany,51.4619212,7.205705,https://directory.stinnocentpress.com/viewparish.cgi?Uid=228&lang=en
100,Skid der H. Elisabeth,Buchendorf,,Germany,48.05651,11.4027651,https://directory.stinnocentpress.com/viewparish.cgi?Uid=100&lang=en
130,Kirche d. Hl. Seraphim v. Sarov,Cloppenburg,,Germany,52.8513448,8.0806664,https://directory.stinnocentpress.com/viewparish.cgi?Uid=130&lang=en
227,Kirche d. Hl. Maria Magdalena,Darmstadt,,Germany,49.8766962,8.6668723,https://directory.stinnocentpress.com/viewparish.cgi?Uid=227&lang=en
139,Kirche d. Ikone d. Allerheiligsten Gottesmutter &quot;Freude aller Trauernden&quot;,Engen,,Germany,47.854853,8.7760105,https://directory.stinnocentpress.com/viewparish.cgi?Uid=139&lang=en
230,Dreifaltigheitskirche,Erlangen,,Germany,49.5815385,11.0075039,https://directory.stinnocentpress.com/viewparish.cgi?Uid=230&lang=en
507,Gemeinde der Hl. Sofia,Ettringen,,Germany,48.064122,10.6420721,https://directory.stinnocentpress.com/viewparish.cgi?Uid=507&lang=en
231,Hl. Nikolaus-Kirche,Frankfurt-Hausen,,Germany,50.1298405,8.6230239,https://directory.stinnocentpress.com/viewparish.cgi?Uid=231&lang=en
233,Hl. Prokipios-Kirche,Hamburg,,Germany,53.583756,9.946938,https://directory.stinnocentpress.com/viewparish.cgi?Uid=233&lang=en
669,Kirche D. Hl. Prokopij,Hamburg,,Germany,53.5842415,9.9469501,https://directory.stinnocentpress.com/viewparish.cgi?Uid=669&lang=en
499,Korennaya-Kirche Hannover,Hannover,,Germany,52.376781,9.7217667,https://directory.stinnocentpress.com/viewparish.cgi?Uid=499&lang=en
234,Christi-Geburt-Gemeinde,Hannover,,Germany,52.403766,9.7396387,https://directory.stinnocentpress.com/viewparish.cgi?Uid=234&lang=en
670,Kirche d. Ikone Allerheiligsten Gottesmutter,Hannover,,Germany,52.3863062,9.7156831,https://directory.stinnocentpress.com/viewparish.cgi?Uid=670&lang=en
498,Russisch-Orthodoxe Gemeinde,Hildesheim,,Germany,52.148363,9.9263318,https://directory.stinnocentpress.com/viewparish.cgi?Uid=498&lang=en
128,St. Nicholas Church,Ingolstadt,,Germany,48.76881,11.42411,https://directory.stinnocentpress.com/viewparish.cgi?Uid=128&lang=en
674,Russisch-Orthodoxe Gemeinde,Kaiserstr,,Germany,47.8601395,12.1283584,https://directory.stinnocentpress.com/viewparish.cgi?Uid=674&lang=en
235,Gemeinde d. Hl. Panteleimon,Kassel,,Germany,51.31429,9.501579,https://directory.stinnocentpress.com/viewparish.cgi?Uid=235&lang=en
236,Gemeinde d. Hl. Grossmaetyrers Panteleimon,Koeln-Westhoven,,Germany,50.90643,7.01830999999993,https://directory.stinnocentpress.com/viewparish.cgi?Uid=236&lang=en
671,Gemeinde d. Hl. Panteleimon,Koln,,Germany,50.9062489,7.0176513,https://directory.stinnocentpress.com/viewparish.cgi?Uid=671&lang=en
508,Gemeinde d. Hl. Konstantin und Helena,Konz,,Germany,49.6953096,6.5753425,https://directory.stinnocentpress.com/viewparish.cgi?Uid=508&lang=en
238,Hl. Nikolaus-Gemeinde,Landshut,,Germany,48.5370857,12.1558175,https://directory.stinnocentpress.com/viewparish.cgi?Uid=238&lang=en
239,Kirche d. Hl. Prokopij v. Ustijug,LÃ¼beck,,Germany,53.8691855,10.6900143,https://directory.stinnocentpress.com/viewparish.cgi?Uid=239&lang=en
240,Kirche d. Hl. Alexander Nevskij,Mannheim,,Germany,49.4994781,8.4634032,https://directory.stinnocentpress.com/viewparish.cgi?Uid=240&lang=en
133,Gemeinde d. Hl. Vladimir,Minden,,Germany,52.2880043,8.9462078,https://directory.stinnocentpress.com/viewparish.cgi?Uid=133&lang=en
409,"DiozÃ¶senverwaltung (Diocesan Administration), Diocese of Germany",Muenchen,,Germany,48.162107,11.458547,https://directory.stinnocentpress.com/viewparish.cgi?Uid=409&lang=en
242,Kirche d. Hl. Erzengels Michael,Muenchen,,Germany,48.2172295,11.4893765,https://directory.stinnocentpress.com/viewparish.cgi?Uid=242&lang=en
241,Kathedrale der Hll. Neumaertyrer und Bekenner Russlands und des Hl. Nikolaus,Muenchen,,Germany,48.0958172,11.5954936,https://directory.stinnocentpress.com/viewparish.cgi?Uid=241&lang=en
243,Kloster des Hl. Hiob von Pocaev,MÃ¼nchen,,Germany,48.1622251,11.4594947,https://directory.stinnocentpress.com/viewparish.cgi?Uid=243&lang=en
672,Apostel Thomas Gemeinde in MÃ¼nchen,MÃ¼nchen,,Germany,48.2163387,11.4889576,https://directory.stinnocentpress.com/viewparish.cgi?Uid=672&lang=en
317,Gemeinde d. Ikone d. Allerheiligsten Gottesmutter v. Kazan,MÃ¼nster,,Germany,51.9278613,7.6289946,https://directory.stinnocentpress.com/viewparish.cgi?Uid=317&lang=en
229,Hl. Nikolaus-Kirche,Neuss,,Germany,51.1910608,6.6726219,https://directory.stinnocentpress.com/viewparish.cgi?Uid=229&lang=en
131,Gemeinde d. Geburt d. Allerheiligsten Gottesmutter,NÃ¼rnberg,,Germany,49.447878,11.0735845,https://directory.stinnocentpress.com/viewparish.cgi?Uid=131&lang=en
276,Russische orthodoxe Gemeinde des Schutzes der Allerheiligsten Gottesmutter,Oldenburg,,Germany,53.14549,8.18983,https://directory.stinnocentpress.com/viewparish.cgi?Uid=276&lang=en
673,St.Peter-Kirche,Oldenburg,,Germany,53.1454082,8.1897503,https://directory.stinnocentpress.com/viewparish.cgi?Uid=673&lang=en
244,Maria-Schutz-Kirche,Regensburg,,Germany,49.0231142,12.0625789,https://directory.stinnocentpress.com/viewparish.cgi?Uid=244&lang=en
245,Kirche d. Hl. Maertyrerin Eugenia,Saarbrucken,,Germany,49.2494383,6.94060030000003,https://directory.stinnocentpress.com/viewparish.cgi?Uid=245&lang=en
337,Hl. Nikolaus-Kirche,Salzgitter-Lebensstedt,,Germany,52.1539849,10.3255181,https://directory.stinnocentpress.com/viewparish.cgi?Uid=337&lang=en
246,Christi-Verklarungskirche,Sennestadt,,Germany,51.9253764,8.5984468,https://directory.stinnocentpress.com/viewparish.cgi?Uid=246&lang=en
135,Kirche hl. Johannes d. Taeufers,Straubing,,Germany,48.88051,12.56326,https://directory.stinnocentpress.com/viewparish.cgi?Uid=135&lang=en
248,Hl. Nikolaus-Grabkapelle,Stuttgart,,Germany,48.783277,9.271577,https://directory.stinnocentpress.com/viewparish.cgi?Uid=248&lang=en
247,Hl. Nikolaus-Kirche,Stuttgart,,Germany,48.7840386,9.1634524,https://directory.stinnocentpress.com/viewparish.cgi?Uid=247&lang=en
249,Kirche d. Hl. Elisabeth,Wiesbaden,,Germany,50.097853,8.236075,https://directory.stinnocentpress.com/viewparish.cgi?Uid=249&lang=en
668,Gemeinde zu Ehren d. Hl. Apostel Johannes d. Theologen,Wittlich,,Germany,49.977747,6.9268413,https://directory.stinnocentpress.com/viewparish.cgi?Uid=668&lang=en
388,Ð Ð°rÐ¾Ñ–sse Saint Nicolas,Cap-Haitian,,Haiti,19.7602036,-72.2020479,https://directory.stinnocentpress.com/viewparish.cgi?Uid=388&lang=en
387,Paroisse Saint Jean de Shanghai et de San Francisco,Cayes,,Haiti,18.1931518,-73.7454201,https://directory.stinnocentpress.com/viewparish.cgi?Uid=387&lang=en
390,Ð Ð°rÐ¾Ñ–sse Saint Moise le Noir,Fontamara,,Haiti,18.5251934,-72.3712296,https://directory.stinnocentpress.com/viewparish.cgi?Uid=390&lang=en
424,Paroisse Saint Irenee de Lyons,Hinche,,Haiti,19.143431,-72.003891,https://directory.stinnocentpress.com/viewparish.cgi?Uid=424&lang=en
386,Paroisse St. Augustin,Jacmel,,Haiti,18.2340885,-72.5344178,https://directory.stinnocentpress.com/viewparish.cgi?Uid=386&lang=en
389,Ð Ð°rÐ¾Ñ–sse Saints Pierre et Paul,Leogane,,Haiti,18.510833,-72.633889,https://directory.stinnocentpress.com/viewparish.cgi?Uid=389&lang=en
329,Ð Ð°rÐ¾Ñ–sse NÐ¾tre DÐ°me de lÐ° NÐ°tÑ–vÑ–te,Port-au-Prince,,Haiti,18.5749890825737,-72.2982788085938,https://directory.stinnocentpress.com/viewparish.cgi?Uid=329&lang=en
363,Bandung Mission,"Bandung, West Java",,Indonesia,-6.91519,107.6035,https://directory.stinnocentpress.com/viewparish.cgi?Uid=363&lang=en
547,Community St. Elijah The Prophet,Bekasi - Jawa Barat,,Indonesia,-6.324249,107.127175,https://directory.stinnocentpress.com/viewparish.cgi?Uid=547&lang=en
369,St. Mark Mission,"Bojolali, Central Java",,Indonesia,-7.53949,110.6129,https://directory.stinnocentpress.com/viewparish.cgi?Uid=369&lang=en
356,Grasak Mission,"Grasak, Central Java",,Indonesia,-7.150975,110.1402594,https://directory.stinnocentpress.com/viewparish.cgi?Uid=356&lang=en
353,Community of St. Seraphim of Sarov,"Gresik, East Java",,Indonesia,-7.15719,112.653,https://directory.stinnocentpress.com/viewparish.cgi?Uid=353&lang=en
371,St. Thomas Parish,Jakarta,,Indonesia,-6.211544,106.845172,https://directory.stinnocentpress.com/viewparish.cgi?Uid=371&lang=en
358,Jayapura Mission,"Jayapura, Papua",,Indonesia,-2.54319,140.715,https://directory.stinnocentpress.com/viewparish.cgi?Uid=358&lang=en
360,St. John the Baptist Church,"Jombang, East Java",,Indonesia,-7.54179,112.2344,https://directory.stinnocentpress.com/viewparish.cgi?Uid=360&lang=en
458,"Jombang City Mission, East Java","Jombang, East Java",,Indonesia,-7.537539,112.230817,https://directory.stinnocentpress.com/viewparish.cgi?Uid=458&lang=en
361,Kabuh Village Mission,"Kabuh, East Java",,Indonesia,-7.37149,112.2177,https://directory.stinnocentpress.com/viewparish.cgi?Uid=361&lang=en
362,Kupang Mission,"Kupang, East Nusa Tenggara",,Indonesia,-10.17244,123.577904,https://directory.stinnocentpress.com/viewparish.cgi?Uid=362&lang=en
401,St. Gregory of Nyssa Church,"Langowan, North Sulawesi",,Indonesia,1.144821,124.8397672,https://directory.stinnocentpress.com/viewparish.cgi?Uid=401&lang=en
370,Nativity of the Theotokos Parish,"Manado, North Sulawesi",,Indonesia,1.4884,124.8434,https://directory.stinnocentpress.com/viewparish.cgi?Uid=370&lang=en
354,Community of St. Sergius of Radonezh,"Medan, North Sumatra",,Indonesia,3.5760308,98.6623749,https://directory.stinnocentpress.com/viewparish.cgi?Uid=354&lang=en
352,Community of St. Panteleimon,"Modjokerto, East Java",,Indonesia,-7.46399,112.4319,https://directory.stinnocentpress.com/viewparish.cgi?Uid=352&lang=en
364,Ngemplak Mission,"Ngemplak, Central Java",,Indonesia,-7.508624,110.763154,https://directory.stinnocentpress.com/viewparish.cgi?Uid=364&lang=en
365,Mission in Plandaan,"Plandaan, East Java",,Indonesia,-7.458589,112.19309,https://directory.stinnocentpress.com/viewparish.cgi?Uid=365&lang=en
366,St. Anthony the Great Community,"Salatiga, Central Java",,Indonesia,-7.302328,110.4729,https://directory.stinnocentpress.com/viewparish.cgi?Uid=366&lang=en
368,St. John of Kronstadt Mission,"Semanggi, Central Java",,Indonesia,-7.587036,110.836796,https://directory.stinnocentpress.com/viewparish.cgi?Uid=368&lang=en
457,Bali Mission,Singaraja,,Indonesia,-8.129379,115.091301,https://directory.stinnocentpress.com/viewparish.cgi?Uid=457&lang=en
351,Community of St Jonah of Manchuria,"Surabaya, East Java",,Indonesia,-7.27663478165439,112.775964443312,https://directory.stinnocentpress.com/viewparish.cgi?Uid=351&lang=en
357,Holy Trinity Orthodox Church,"Surakarta, Central Java",,Indonesia,-7.5496344,110.8010006,https://directory.stinnocentpress.com/viewparish.cgi?Uid=357&lang=en
374,Tambak Mission,"Tambak, Central Java",,Indonesia,-7.61229,109.3618,https://directory.stinnocentpress.com/viewparish.cgi?Uid=374&lang=en
367,St George Mission,"Tlatar, Central Java",,Indonesia,-7.150975,110.1402594,https://directory.stinnocentpress.com/viewparish.cgi?Uid=367&lang=en
456,Tomohon Mission,Tomohon,,Indonesia,1.3245694,124.8279514,https://directory.stinnocentpress.com/viewparish.cgi?Uid=456&lang=en
359,Yogyakarta City Mission,"Yogyakarta, Central Java",,Indonesia,-7.797224,110.368797,https://directory.stinnocentpress.com/viewparish.cgi?Uid=359&lang=en
630,The Parish of St John the Wonderworker of Shanghai and San Francisco,Belfast,,Ireland,54.6229483,-5.9330045,https://directory.stinnocentpress.com/viewparish.cgi?Uid=630&lang=en
341,St. Colman of Oughaval Church,Stradbally,,Ireland,52.979058,-7.18135,https://directory.stinnocentpress.com/viewparish.cgi?Uid=341&lang=en
155,Community of the Resurrection of Christ at the Bethany Orthodox School for girls and the Church of St. Lazarus the Four Days Dead and the cave of St. Nicholas the Wonderworker,Bethany,,Israel,31.769134,35.271535,https://directory.stinnocentpress.com/viewparish.cgi?Uid=155&lang=en
157,Oak of Mamre and Cathedral of the Forefathers,Hebron,,Israel,31.5469417370848,35.1191711425781,https://directory.stinnocentpress.com/viewparish.cgi?Uid=157&lang=en
261,Chapel in the Mission Garden,Jericho,,Israel,31.8572932229497,35.4516792297363,https://directory.stinnocentpress.com/viewparish.cgi?Uid=261&lang=en
265,Chapel of St. John the Forerunner,Jericho,,Israel,31.8728928478407,35.5421447753906,https://directory.stinnocentpress.com/viewparish.cgi?Uid=265&lang=en
260,Gethsemane Convent; Church of St. Mary Magdalene,Jerusalem,,Israel,31.7794379247993,35.2406644821167,https://directory.stinnocentpress.com/viewparish.cgi?Uid=260&lang=en
262,The Russian Ecclesiastical Mission in Jerusalem,Jerusalem,,Israel,31.7788724590312,35.2451062202454,https://directory.stinnocentpress.com/viewparish.cgi?Uid=262&lang=en
264,Russian Convent of the Ascension on the Mount of Olives (Eleon),Jerusalem,,Israel,31.768319,35.21371,https://directory.stinnocentpress.com/viewparish.cgi?Uid=264&lang=en
153,Skete of St. Chariton,Wadi Fara,,Israel,31.8333966242948,35.316721200943,https://directory.stinnocentpress.com/viewparish.cgi?Uid=153&lang=en
251,Chiesa Russa Ortodossa di San Nicola,Bari,,Italy,41.109535,16.871951,https://directory.stinnocentpress.com/viewparish.cgi?Uid=251&lang=en
680,Church of the Nativity of Christ and St Nicholas the Wonderworker,Firenze FI,,Italy,43.7831912,11.2547367,https://directory.stinnocentpress.com/viewparish.cgi?Uid=680&lang=en
679,"Church of Christ the Saviour, St Katherine the Great-Martyr and St Seraphim of Sarov",Sanremo IM,,Italy,43.8145974,7.7703922,https://directory.stinnocentpress.com/viewparish.cgi?Uid=679&lang=en
560,St. Timothy the Apostle Orthodox Church,Kingston,,Jamaica,18.0695959,-76.7882414,https://directory.stinnocentpress.com/viewparish.cgi?Uid=560&lang=en
562,St. Moses the Black Orthodox Church,Trelawny,,Jamaica,18.494658,-77.6539774,https://directory.stinnocentpress.com/viewparish.cgi?Uid=562&lang=en
87,Eglise des Sts. Apotres Pierre et Paul,Luxembourg,,Luxembourg,49.614217,6.119263,https://directory.stinnocentpress.com/viewparish.cgi?Uid=87&lang=en
80,Sacrosanto Monasterio de la Santisima Trinidad,Mexico City,,Mexico,19.4298901,-99.1675336,https://directory.stinnocentpress.com/viewparish.cgi?Uid=80&lang=en
164,Holy Dormition Church,Casablanca,,Morocco,33.582102,-7.62269200000003,https://directory.stinnocentpress.com/viewparish.cgi?Uid=164&lang=en
250,Heilige Maria van Egypte,Aalsmeer,,Netherlands,52.2846988,4.7991329,https://directory.stinnocentpress.com/viewparish.cgi?Uid=250&lang=en
209,Eglise de la Protection de la MÃ¨re de Dieu,Arnhem,,Netherlands,51.9870966,5.8975357,https://directory.stinnocentpress.com/viewparish.cgi?Uid=209&lang=en
636,Diocesan Mission in Maastricht,Postbus,,Netherlands,50.8513682,5.6909725,https://directory.stinnocentpress.com/viewparish.cgi?Uid=636&lang=en
313,Church of the Resurrection of Christ,Auckland,,New Zealand,-36.9051794,174.7412546,https://directory.stinnocentpress.com/viewparish.cgi?Uid=313&lang=en
314,St. Nicholas Church,Christchurch,,New Zealand,-43.547296,172.639589,https://directory.stinnocentpress.com/viewparish.cgi?Uid=314&lang=en
315,Christ the Savior Church,Wellington,,New Zealand,-41.309715,174.824898,https://directory.stinnocentpress.com/viewparish.cgi?Uid=315&lang=en
526,"monasterio San Antonio el Grande,",Bosco,,Nicaragua,-40.8261434,-63.0266339,https://directory.stinnocentpress.com/viewparish.cgi?Uid=526&lang=en
612,Mision San Juan de Shanghai y San Fransisco,Matagalpa,,Nicaragua,12.9290069,-85.9151211,https://directory.stinnocentpress.com/viewparish.cgi?Uid=612&lang=en
693,St. Michael the Archangel Orthodox Mission,,,Pakistan,30.375321,69.345116,https://directory.stinnocentpress.com/viewparish.cgi?Uid=693&lang=en
285,Ð†glesÑ–Ð° ÐžrtÐ¾dÐ¾xÐ° RusÐ° de lÐ° VÑ–rgen del ÐmÑ€Ð°rÐ¾,Asuncion,,Paraguay,-25.2936,-57.64187,https://directory.stinnocentpress.com/viewparish.cgi?Uid=285&lang=en
286,Ð†glesÑ–Ð° ÐžrtÐ¾dÐ¾xÐ° RusÐ° de SÐ°n NÑ–cÐ¾lÐ°s,Encarnacion,,Paraguay,-27.339758,-55.866362,https://directory.stinnocentpress.com/viewparish.cgi?Uid=286&lang=en
688,"Santa Maria, Philippines. Mission of St. John Maximovitch",Davao del Sur,,Philippines,6.7662687,125.3284269,https://directory.stinnocentpress.com/viewparish.cgi?Uid=688&lang=en
692,Iveron Mother of God Mission Chapel,Easter Samar,,Philippines,11.041944,125.690278,https://directory.stinnocentpress.com/viewparish.cgi?Uid=692&lang=en
689,Orthodox community of St. Nikolai,Manila,,Philippines,14.5995124,120.9842195,https://directory.stinnocentpress.com/viewparish.cgi?Uid=689&lang=en
690,Leyte. St. Nikolai of Zicha Orthodox Church,"Palo, Leyte",,Philippines,11.176904,124.9809758,https://directory.stinnocentpress.com/viewparish.cgi?Uid=690&lang=en
334,Communaute de la Protection de la Mere de Dieu,Oeiras,,Portugal,38.695141,-9.308068,https://directory.stinnocentpress.com/viewparish.cgi?Uid=334&lang=en
684,Korean Orthodox Mission,,,South Korea,35.907757,127.766922,https://directory.stinnocentpress.com/viewparish.cgi?Uid=684&lang=en
398,"Korean Orthodox MIssion, St. John the Theologian Parish","Okgye-dong, Gumi",,South Korea,36.145215,128.4169525,https://directory.stinnocentpress.com/viewparish.cgi?Uid=398&lang=en
343,Holy Trinity Skete and St. Anna Church,"Samchok-si, Kangwon-do",,South Korea,37.7533440131066,128.7158203125,https://directory.stinnocentpress.com/viewparish.cgi?Uid=343&lang=en
637,Parroquia de San SimeÃ³n Nuevo TeÃ³logo y S. Innokentii de MoscÃº,Alicante,,Spain,38.346389,-0.4959454,https://directory.stinnocentpress.com/viewparish.cgi?Uid=637&lang=en
500,Chapelle du Saint Archange Michel,Cadiz,,Spain,36.5316276,-6.1895826,https://directory.stinnocentpress.com/viewparish.cgi?Uid=500&lang=en
501,Chapelle de Saint Basile,Cadiz,,Spain,36.4697052,-6.192104,https://directory.stinnocentpress.com/viewparish.cgi?Uid=501&lang=en
638,MisiÃ³n parroquial ortodoxa de San SerafÃ­n de Sarov y San Vicente MÃ¡rtir,Elche,,Spain,38.2619721,-0.7089828,https://directory.stinnocentpress.com/viewparish.cgi?Uid=638&lang=en
152,Communaute Saint Georges,Madrid,,Spain,40.33666,-3.697826,https://directory.stinnocentpress.com/viewparish.cgi?Uid=152&lang=en
504,Monasterio de San Isidoro de Sevilla,Sevilla,,Spain,37.691238,-6.31426099999999,https://directory.stinnocentpress.com/viewparish.cgi?Uid=504&lang=en
502,Chapelle de San Serafin de Sarov,Sevilla,,Spain,37.3954009,-5.9827894,https://directory.stinnocentpress.com/viewparish.cgi?Uid=502&lang=en
635,Kirche des Hl Nikolai,Basel,,Switzerland,47.5691379,7.594605,https://directory.stinnocentpress.com/viewparish.cgi?Uid=635&lang=en
253,Eglise Saint Nicolas,Basel-Stadt,,Switzerland,47.569109,7.594529,https://directory.stinnocentpress.com/viewparish.cgi?Uid=253&lang=en
254,Eglise de la Sainte-Trinite,Bern,,Switzerland,46.948833,7.453633,https://directory.stinnocentpress.com/viewparish.cgi?Uid=254&lang=en
406,"Diocesan Administration, Diocese of Geneva and Western Europe",Geneve,,Switzerland,46.1970764,6.1566282,https://directory.stinnocentpress.com/viewparish.cgi?Uid=406&lang=en
88,Cathedrale de la Exaltation de la Sainte Croix,Geneve,,Switzerland,46.198567,6.153648,https://directory.stinnocentpress.com/viewparish.cgi?Uid=88&lang=en
257,House Church of Great Martyr Panteleimon,"Leysin, Vaud",,Switzerland,46.3418320391176,7.0118522644043,https://directory.stinnocentpress.com/viewparish.cgi?Uid=257&lang=en
256,Eglise de la Nativite du Christ,Pully,,Switzerland,46.505921,6.650697,https://directory.stinnocentpress.com/viewparish.cgi?Uid=256&lang=en
258,Eglise Sainte Barbara,Vevey,,Switzerland,46.461868,6.84574,https://directory.stinnocentpress.com/viewparish.cgi?Uid=258&lang=en
259,Eglise de la Protection de la Mere de Dieu,Zurich,,Switzerland,47.379732,8.546938,https://directory.stinnocentpress.com/viewparish.cgi?Uid=259&lang=en
640,Kirche Hl. Pokrov,ZÃ¼rich,,Switzerland,47.3797476,8.5469245,https://directory.stinnocentpress.com/viewparish.cgi?Uid=640&lang=en
158,St. Andrew Orthodox Church,Karakoy,,Turkey,41.024539,28.978868,https://directory.stinnocentpress.com/viewparish.cgi?Uid=158&lang=en
99,Holy Annunciation Church of Bukasa Island,,,Uganda,-0.432754216642157,32.499532699585,https://directory.stinnocentpress.com/viewparish.cgi?Uid=99&lang=en
517,The Parish of St John the Wonderworker of Shanghai and San Francisco,Belfast,,United Kingdom,54.6229257,-5.9330107,https://directory.stinnocentpress.com/viewparish.cgi?Uid=517&lang=en
322,St. John the Wonderworker Orthodox Church,Colchester,,United Kingdom,51.8818755865046,0.909955501556396,https://directory.stinnocentpress.com/viewparish.cgi?Uid=322&lang=en
629,Mission of St John the Forerunner and Baptist,Durham,,United Kingdom,54.7750759,-1.6489959,https://directory.stinnocentpress.com/viewparish.cgi?Uid=629&lang=en
462,Monastery of the Holy Unmercenary Healer Pantaleimon,Essex,,United Kingdom,51.7982147,1.1186524,https://directory.stinnocentpress.com/viewparish.cgi?Uid=462&lang=en
678,Parish Community of the Holy Prince St Vladimir,Gloucestershire,,United Kingdom,51.9131294,-2.0455652,https://directory.stinnocentpress.com/viewparish.cgi?Uid=678&lang=en
514,St. Bride Western-Rite Stavropegial Orthodox Hermitage,Kilmun,,United Kingdom,55.9937062,-4.93428849999998,https://directory.stinnocentpress.com/viewparish.cgi?Uid=514&lang=en
628,Russian Orthodox Mission of St Nicholas,Liverpool,,United Kingdom,53.3856564,-3.0521832,https://directory.stinnocentpress.com/viewparish.cgi?Uid=628&lang=en
345,Cathedral of the Dormition of the Mother of God and the Holy Royal Martyrs,London,,United Kingdom,51.4898258,-0.276024,https://directory.stinnocentpress.com/viewparish.cgi?Uid=345&lang=en
675,Parish of St Alexander Nevsky,Norfolk,,United Kingdom,52.6365169,1.2889025,https://directory.stinnocentpress.com/viewparish.cgi?Uid=675&lang=en
490,St. Edmund the Martyr Stavropegial Western-Rite Orthodox Church,Nottingham,,United Kingdom,52.9729527,-1.0822999,https://directory.stinnocentpress.com/viewparish.cgi?Uid=490&lang=en
408,"Diocesan Administration, Diocese of Great Britain and Ireland","Prenton, Wirral",,United Kingdom,53.3856684,-3.05239879999999,https://directory.stinnocentpress.com/viewparish.cgi?Uid=408&lang=en
676,St Leonards on Sea: Parish of Christ the All-Merciful Saviour,St Leonards on Sea,,United Kingdom,50.8549608,0.5510868,https://directory.stinnocentpress.com/viewparish.cgi?Uid=676&lang=en
382,Church of the Mother of God &quot;Joy of All Who Sorrow&quot;,Suffolk,,United Kingdom,52.4621521,1.4870033,https://directory.stinnocentpress.com/viewparish.cgi?Uid=382&lang=en
677,Mission Parish of St Chad of Lichfield,Telford,,United Kingdom,52.7240856,-2.4317022,https://directory.stinnocentpress.com/viewparish.cgi?Uid=677&lang=en
344,Wallasey: St. Elisabeth the New Martyr Church,Wallasey,,United Kingdom,53.4270341,-3.0421126,https://directory.stinnocentpress.com/viewparish.cgi?Uid=344&lang=en
464,Pan-Orthodox Chapel of the Life-Giving Spring,Walsingham,,United Kingdom,52.8946704,0.8759113,https://directory.stinnocentpress.com/viewparish.cgi?Uid=464&lang=en
447,St. Nectan Western-Rite Stavropigial Orthodox Mission,Weston super Mare,,United Kingdom,51.3226061,-2.97611419999998,https://directory.stinnocentpress.com/viewparish.cgi?Uid=447&lang=en
287,Iglesia Ortodoxa Rusa de la Resurreccion,Montevideo,,Uruguay,-34.88151,-56.179481,https://directory.stinnocentpress.com/viewparish.cgi?Uid=287&lang=en
